time,food,quantity,calories,protein,fibre,carbs,fat,date,weekday,source_sheet
08:30:00,2x egg,,240,12.0,,,,2024-10-16,Wednesday,14Oct24
,Porridge,,640,26.8,,,,2024-10-16,Wednesday,14Oct24
11:58:00,Snacks,,500,5.0,,,,2024-10-16,Wednesday,14Oct24
15:00:00,chicken,,700,50.0,,,,2024-10-16,Wednesday,14Oct24
,Cheese,,200,10.0,,,,2024-10-16,Wednesday,14Oct24
,1x banana,,100,1.0,,,,2024-10-16,Wednesday,14Oct24
19:20:00,prot. drink,,171,20.1,,,,2024-10-16,Wednesday,14Oct24
,isotonic drink,,128,0.0,,,,2024-10-16,Wednesday,14Oct24
21:53:00,snack,,143,,,,,2024-10-16,Wednesday,14Oct24
,cheese,,130,7.2,,,,2024-10-16,Wednesday,14Oct24
,bread,,180,6.8,,,,2024-10-16,Wednesday,14Oct24
08:20:00,Milk 500ml,,217,17.0,,,,2024-10-17,Thursday,14Oct24
09:08:00,wrap,,559,31.0,,,,2024-10-17,Thursday,14Oct24
09:30:00,Lucozade energy,,83,,,,,2024-10-17,Thursday,14Oct24
,Protein Drink,,285,33.0,,,,2024-10-17,Thursday,14Oct24
08:00:00,protein yoghurt,,84,15.0,,,,2024-11-04,Monday,4Nov24
09:00:00,milk pint,,320,16.0,,,,2024-11-04,Monday,4Nov24
,sandwich,,700,50.0,,,,2024-11-04,Monday,4Nov24
14:00:00,curry,,900,40.0,,,,2024-11-04,Monday,4Nov24
17:20:00,mullermich,,244,12.16,,,,2024-11-04,Monday,4Nov24
20:00:00,omelette ,,600,25.0,,,,2024-11-04,Monday,4Nov24
08:20:00,porridge,,750,29.65,,,,2024-11-07,Thursday,4Nov24
12:30:00,half cajun chicken mayo sandwich,,700,25.0,,,,2024-11-07,Thursday,4Nov24
15:30:00,rice,,300,6.0,,,,2024-11-07,Thursday,4Nov24
,chicken,,500,90.0,,,,2024-11-07,Thursday,4Nov24
,sauce,,200,0.0,,,,2024-11-07,Thursday,4Nov24
,croissant,,250,4.0,,,,2024-11-07,Thursday,4Nov24
11:50:00,sanwich,,800,40.0,,,,2024-11-08,Friday,4Nov24
,pint milk,,320,15.0,,,,2024-11-08,Friday,4Nov24
,chips,,500,5.0,,,,2024-11-08,Friday,4Nov24
17:33:00,dinner,,700,20.0,,,,2024-11-08,Friday,4Nov24
,Milk,,270,11.0,,,,2024-11-08,Friday,4Nov24
,1L low fat milk,,410,35.0,,,,2024-11-08,Friday,4Nov24
13:45:00,wrap,,250,10.0,,,,2024-11-09,Saturday,4Nov24
,butter,,50,,,,,2024-11-09,Saturday,4Nov24
,chicken,,250,35.0,,,,2024-11-09,Saturday,4Nov24
,cheese,,250,8.0,,,,2024-11-09,Saturday,4Nov24
,protein milk,,250,27.0,,,,2024-11-09,Saturday,4Nov24
,coffee,,100,,,,,2024-11-09,Saturday,4Nov24
18:00:00,hot chocolate,,300,5.0,,,,2024-11-09,Saturday,4Nov24
19:40:00,5x sausages,,530,30.0,,,,2024-11-09,Saturday,4Nov24
,4x eggs,,360,26.0,,,,2024-11-09,Saturday,4Nov24
,125g rice,,189,3.8,,,,2024-11-09,Saturday,4Nov24
,100g Salmon,,172,21.0,,,,2024-11-10,Sunday,4Nov24
,3x eggs,,270,19.5,,,,2024-11-10,Sunday,4Nov24
,125g rice,,189,3.8,,,,2024-11-10,Sunday,4Nov24
,g. mayo,,150,,,,,2024-11-10,Sunday,4Nov24
,parma ham,,100,10.5,,,,2024-11-10,Sunday,4Nov24
,kvarg,,81,15.0,,,,2024-11-10,Sunday,4Nov24
,roll,,191,6.6,,,,2024-11-10,Sunday,4Nov24
,2x oreos,,100,,,,,2024-11-10,Sunday,4Nov24
,6x bread slice,,540,20.4,,,,2024-11-10,Sunday,4Nov24
,4x oreos and milk,,400,5.0,,,,2024-11-10,Sunday,4Nov24
10:30:00,wrap,,1200,40.0,,,,2024-11-19,Tuesday,19Nov24
15:00:00,chicken,,400,45.0,,,,2024-11-19,Tuesday,19Nov24
,rice,,300,8.0,,,,2024-11-19,Tuesday,19Nov24
,potatoes,,300,8.0,,,,2024-11-19,Tuesday,19Nov24
,sauce,,200,,,,,2024-11-19,Tuesday,19Nov24
10:30:00,wrap,,950,50.0,,,,2024-11-20,Wednesday,19Nov24
16:45:00,caesar salad xtra chicken,,1100,69.0,,,,2024-11-20,Wednesday,19Nov24
12:30:00,bread roll,,200,,,,,2024-11-21,Thursday,19Nov24
,croissant,,200,,,,,2024-11-21,Thursday,19Nov24
,pt milk,,320,,,,,2024-11-21,Thursday,19Nov24
,4x biscuits,,300,,,,,2024-11-21,Thursday,19Nov24
,excess,,200,,,,,2024-11-21,Thursday,19Nov24
09:15:00,Pt Milk,,320,15.0,,,,2024-11-22,Friday,19Nov24
10:15:00,protein shake,,165,25.0,,,,2024-11-22,Friday,19Nov24
,apple,,100,,,,,2024-11-22,Friday,19Nov24
,curry ,,750,15.0,,,,2024-11-22,Friday,19Nov24
16:00:00,Curry w/ naan,,1300,30.0,,,,2024-11-22,Friday,19Nov24
20:35:00,"protein bar (optimum nutrition, marshmallow crunch)",,217,20.0,,,,2024-11-22,Friday,19Nov24
12:00:00,Steak,,456.27,43.13,,,,2024-11-23,Saturday,19Nov24
,Rice,,396,7.6,,,,2024-11-23,Saturday,19Nov24
,frozen veg,,100,,,,,2024-11-23,Saturday,19Nov24
,sauces,,300,,,,,2024-11-23,Saturday,19Nov24
14:00:00,500ml low fat milk,,210,15.0,,,,2024-11-23,Saturday,19Nov24
,4x fried eggs,,440,32.0,,,,2024-11-23,Saturday,19Nov24
,snickers,,230,,,,,2024-11-23,Saturday,19Nov24
19:30:00,Steak,,462.84,43.0,,,,2024-11-23,Saturday,19Nov24
,Half Rice,,396,3.8,,,,2024-11-23,Saturday,19Nov24
12:00:00,Soup,,500,2.0,,,,2024-11-24,Sunday,19Nov24
,Sandwich,,500,10.0,,,,2024-11-24,Sunday,19Nov24
15:00:00,Rice,,376,8.1,,,,2024-11-24,Sunday,19Nov24
,Steak,,462.84000000000003,55.062,,,,2024-11-24,Sunday,19Nov24
,Peas,,67,4.4,,,,2024-11-24,Sunday,19Nov24
,Cauliflower Rice,,30,2.3,,,,2024-11-24,Sunday,19Nov24
21:04:00,3x eggs,,300,,,,,2024-11-24,Sunday,19Nov24
,2x slice bread,,200,,,,,2024-11-24,Sunday,19Nov24
,excess,,200,,,,,2024-11-24,Sunday,19Nov24
08:30:00,Pork Mince,,274,41.2,,,,2024-11-25,Monday,25Nov24
,Basmati Rice 75g (uncooked),,234,5.3,,,,2024-11-25,Monday,25Nov24
,Peas 80g,,67,4.4,,,,2024-11-25,Monday,25Nov24
11:50:00,2x small apples,,150,,,,,2024-11-25,Monday,25Nov24
13:30:00,Coffee,,150,2.0,,,,2024-11-25,Monday,25Nov24
17:11:00,chicken curry,,900,60.0,,,,2024-11-25,Monday,25Nov24
,rice,,,,,,,2024-11-25,Monday,25Nov24
,carrots and parsnips,,^^,,,,,2024-11-25,Monday,25Nov24
20:40:00,Dessert,,500,,,,,2024-11-25,Monday,25Nov24
09:00:00,Caesar and Soup,,850,38.0,,,,2024-11-26,Tuesday,25Nov24
17:15:00,210g lean pork,,462,58.0,,,,2024-11-26,Tuesday,25Nov24
,238g roast potato,,400,5.0,,,,2024-11-26,Tuesday,25Nov24
,sauce,,200,,,,,2024-11-26,Tuesday,25Nov24
,excess,,150,,,,,2024-11-26,Tuesday,25Nov24
21:42:00,Avonmore Protein Milk,,270,27.0,,,,2024-11-26,Tuesday,25Nov24
10:00:00,Grenade Protein Bar,,226,20.0,,,,2024-11-27,Wednesday,25Nov24
,Avonmore Protein Milk,,270,33.0,,,,2024-11-27,Wednesday,25Nov24
,Banana,,110,,,,,2024-11-27,Wednesday,25Nov24
,Apple,,105,,,,,2024-11-27,Wednesday,25Nov24
15:05:00,Coffee,,150,,,,,2024-11-27,Wednesday,25Nov24
15:25:00,Chips,,150,,,,,2024-11-27,Wednesday,25Nov24
17:10:00,215g White Rice,,320,5.0,,,,2024-11-27,Wednesday,25Nov24
,240g chicken breast,,500,70.0,,,,2024-11-27,Wednesday,25Nov24
,Sauce,,250,,,,,2024-11-27,Wednesday,25Nov24
,Croissant,,250,,,,,2024-11-27,Wednesday,25Nov24
22:10:00,Grenade Protein Bar,,226,20.0,,,,2024-11-27,Wednesday,25Nov24
,Grenade Protein Bar,,226,20.0,,,,2024-11-27,Wednesday,25Nov24
,3x slices bread,,300,,,,,2024-11-27,Wednesday,25Nov24
09:30:00,175g chicken breast,,185.5,42.0,,,,2024-11-28,Thursday,25Nov24
,Grenade Protein Bar,,226,20.0,,,,2024-11-28,Thursday,25Nov24
,Peas 80g,,67,4.4,,,,2024-11-28,Thursday,25Nov24
,Basmati Rice 75g (uncooked),,234,5.3,,,,2024-11-28,Thursday,25Nov24
17:15:00,315g chicken,,650,90.0,,,,2024-11-28,Thursday,25Nov24
,215g white rice,,320,5.0,,,,2024-11-28,Thursday,25Nov24
,Sauce,,250,,,,,2024-11-28,Thursday,25Nov24
,Croissant,,250,,,,,2024-11-28,Thursday,25Nov24
,Apple Pie,,150,,,,,2024-11-28,Thursday,25Nov24
14:00:00,Optimum Nutrition Protein Shake,,290,50.0,,,,2024-11-29,Friday,25Nov24
,Orange Juice,,149,,,,,2024-11-29,Friday,25Nov24
,Grenade Protein Bar,,226,20.0,,,,2024-11-29,Friday,25Nov24
14:00:00,rice pudding,,150,,,,,2024-11-30,Saturday,25Nov24
16:00:00,Wrap,,250,5.0,,,,2024-11-30,Saturday,25Nov24
,Sauces,,200,,,,,2024-11-30,Saturday,25Nov24
,Cheese,,200,10.0,,,,2024-11-30,Saturday,25Nov24
,Chicken,,500,40.0,,,,2024-11-30,Saturday,25Nov24
17:00:00,Protein Bars,,480,38.0,,,,2024-11-30,Saturday,25Nov24
,Isotonic Drink,,150,,,,,2024-11-30,Saturday,25Nov24
19:30:00,half pint 1% milk,,123,10.5,,,,2024-11-30,Saturday,25Nov24
,kvarg,,81,15.0,,,,2024-11-30,Saturday,25Nov24
,gummies,,100,,,,,2024-11-30,Saturday,25Nov24
,brioche,,111,2.9,,,,2024-11-30,Saturday,25Nov24
,3x slice bread,,273,,,,,2024-11-30,Saturday,25Nov24
13:30:00,Pt Milk,,225.5,21.0,,,,2024-12-01,Sunday,25Nov24
,3x Slice Bread,,273,10.2,,,,2024-12-01,Sunday,25Nov24
15:50:00,3x fried eggs,,270,18.0,,,,2024-12-01,Sunday,25Nov24
,155g halloumi,,495,24.0,,,,2024-12-01,Sunday,25Nov24
,250g egg fried rice,,360,5.0,,,,2024-12-01,Sunday,25Nov24
18:00:00,Snacks,,800,,,,,2024-12-01,Sunday,25Nov24
10:10:00,Fulfill Bar,,199,20.0,,,,2024-12-02,Monday,2Dec24
,Kinetica Shake,,165,25.0,,,,2024-12-02,Monday,2Dec24
,Apple,,100,,,,,2024-12-02,Monday,2Dec24
13:30:00,Coffee,,100,,,,,2024-12-02,Monday,2Dec24
17:00:00,315g chicken,,650,90.0,,,,2024-12-02,Monday,2Dec24
,215g white rice,,320,5.0,,,,2024-12-02,Monday,2Dec24
,curry sace,,200,,,,,2024-12-02,Monday,2Dec24
,veg,,150,,,,,2024-12-02,Monday,2Dec24
,Dessert,,500,,,,,2024-12-02,Monday,2Dec24
07:25:00,125g Rice,,223,4.1,,,,2024-12-03,Tuesday,2Dec24
,100g Chicken,,128,26.8,,,,2024-12-03,Tuesday,2Dec24
,2x fried egg,,180,12.0,,,,2024-12-03,Tuesday,2Dec24
,150g Greek Yogurt,,85.5,15.600000000000001,,,,2024-12-03,Tuesday,2Dec24
,Syrup,,50,,,,,2024-12-03,Tuesday,2Dec24
09:15:00,Coffee,,100,,,,,2024-12-03,Tuesday,2Dec24
13:00:00,Tea,,50,,,,,2024-12-03,Tuesday,2Dec24
,Soup and Sambo,,850,22.5,,,,2024-12-03,Tuesday,2Dec24
17:00:00,Popcorn,,750,,,,,2024-12-03,Tuesday,2Dec24
,220g Steak,,385,46.0,,,,2024-12-03,Tuesday,2Dec24
,250g greek yohgurt,,138,22.6,,,,2024-12-03,Tuesday,2Dec24
,snacks ,,900,,,,,2024-12-03,Tuesday,2Dec24
13:30:00,Coffee,,100,,,,,2024-12-04,Wednesday,2Dec24
16:43:00,wrap,,250,5.0,,,,2024-12-04,Wednesday,2Dec24
,veg and bean,,250,3.0,,,,2024-12-04,Wednesday,2Dec24
17:20:00,315g chicken,,650,90.0,,,,2024-12-04,Wednesday,2Dec24
,215g white rice,,320,5.0,,,,2024-12-04,Wednesday,2Dec24
,Sauce,,200,,,,,2024-12-04,Wednesday,2Dec24
21:05:00,ON Vanilla Shake,,130,20.0,,,,2024-12-04,Wednesday,2Dec24
23:00:00,2x slice bread,,180,4.0,,,,2024-12-04,Wednesday,2Dec24
07:40:00,Oats 80g,,284,9.8,,,,2024-12-05,Thursday,2Dec24
,Milk 400ml,,164,14.0,,,,2024-12-05,Thursday,2Dec24
,Sauce,,60,,,,,2024-12-05,Thursday,2Dec24
,Apple,,150,,,,,2024-12-05,Thursday,2Dec24
,Sweets,,150,,,,,2024-12-05,Thursday,2Dec24
17:10:00,315g chicken,,650,90.0,,,,2024-12-05,Thursday,2Dec24
,215g white rice,,320,5.0,,,,2024-12-05,Thursday,2Dec24
,Sauce,,200,,,,,2024-12-05,Thursday,2Dec24
21:09:00,Grenade Bar,,227,21.0,,,,2024-12-05,Thursday,2Dec24
,ON Vanilla Shake,,158,25.0,,,,2024-12-05,Thursday,2Dec24
,Fanta Orange 330ml,,63,,,,,2024-12-05,Thursday,2Dec24
,Fanta Orange 330ml,,63,,,,,2024-12-05,Thursday,2Dec24
,Truffle,,50,,,,,2024-12-05,Thursday,2Dec24
16:00:00,Snacks,,800,15.0,,,,2024-12-06,Friday,2Dec24
17:20:00,G bread,,350,5.0,,,,2024-12-06,Friday,2Dec24
,315g chicken,,650,90.0,,,,2024-12-06,Friday,2Dec24
,215g white rice,,320,5.0,,,,2024-12-06,Friday,2Dec24
,Sauce,,200,,,,,2024-12-06,Friday,2Dec24
,Club 330ml ,,62.699999999999996,,,,,2024-12-06,Friday,2Dec24
21:07:00,Fulfil Bar,,199,20.0,,,,2024-12-06,Friday,2Dec24
22:30:00,Sweets,,800,,,,,2024-12-06,Friday,2Dec24
12:00:00,Oats 60g,,355,12.25,,,,2024-12-07,Saturday,2Dec24
,Greek Yoghurt 100g,,57,10.0,,,,2024-12-07,Saturday,2Dec24
,200ml Light Milk,,84,7.0,,,,2024-12-07,Saturday,2Dec24
,30g Whey Protein,,113,24.0,,,,2024-12-07,Saturday,2Dec24
,16g Syrup,,55,,,,,2024-12-07,Saturday,2Dec24
13:25:00,Coffee,,100,,,,,2024-12-07,Saturday,2Dec24
17:40:00,2x Grilled Sandwich Supermacs,,680,75.4,,,,2024-12-07,Saturday,2Dec24
,Pt Guinness,,210,,,,,2024-12-07,Saturday,2Dec24
,Banana,,100,,,,,2024-12-07,Saturday,2Dec24
20:00:00,Chicken 100g,,138,27.9,,,,2024-12-07,Saturday,2Dec24
,Kinetica Milkshake,,165,25.0,,,,2024-12-07,Saturday,2Dec24
21:20:00,Gala Wrap,,1000,50.0,,,,2024-12-07,Saturday,2Dec24
13:20:00,Oats 90g,,570,27.3,,,,2024-12-08,Sunday,2Dec24
,200ml Low Fat Milk,,93,7.0,,,,2024-12-08,Sunday,2Dec24
14:15:00,Avonmore Protein Gold,,285,33.0,,,,2024-12-08,Sunday,2Dec24
17:15:00,250g Baby Potatoes,,205,4.75,,,,2024-12-08,Sunday,2Dec24
,75g Butternut Squash,,30.75,0.0,,,,2024-12-08,Sunday,2Dec24
,62.5g Lettuce,,8.75,0.0,,,,2024-12-08,Sunday,2Dec24
,180g Chicken Burger,,309.6,43.38,,,,2024-12-08,Sunday,2Dec24
,125g Swede,,27.5,,,,,2024-12-08,Sunday,2Dec24
,Sauce,,150,,,,,2024-12-08,Sunday,2Dec24
18:58:00,Piece of cookie,,600,,,,,2024-12-08,Sunday,2Dec24
19:30:00,Bueno,,222,,,,,2024-12-08,Sunday,2Dec24
,Sorbet,,330,,,,,2024-12-08,Sunday,2Dec24
20:50:00,Slice Pizza,,300,15.0,,,,2024-12-08,Sunday,2Dec24
10:45:00,Clear Whey,,83,20.0,,,,2024-12-09,Monday,9Dec24
,250g Baby Potatoes,,205,4.75,,,,2024-12-09,Monday,9Dec24
,75g Butternut Squash,,30.75,0.0,,,,2024-12-09,Monday,9Dec24
,62.5g Lettuce,,8.75,0.0,,,,2024-12-09,Monday,9Dec24
,180g Chicken Burger,,309.6,43.38,,,,2024-12-09,Monday,9Dec24
,125g Swede,,27.5,0.0,,,,2024-12-09,Monday,9Dec24
13:30:00,Coffee,,,,,,,2024-12-09,Monday,9Dec24
16:15:00,2x Bread Rolls,,600,,,,,2024-12-09,Monday,9Dec24
17:00:00,215g chicken,,444,61.0,,,,2024-12-09,Monday,9Dec24
,215g white rice,,320,5.0,,,,2024-12-09,Monday,9Dec24
,Sauce,,200,,,,,2024-12-09,Monday,9Dec24
,100g ham,,165,19.0,,,,2024-12-09,Monday,9Dec24
22:05:00,Clear Whey,,83,20.0,,,,2024-12-09,Monday,9Dec24
08:20:00,Clear Whey,,83,20.0,,,,2024-12-10,Tuesday,9Dec24
,300ml Light Milk,,126,10.5,,,,2024-12-10,Tuesday,9Dec24
,80g Oats,,,,,,,2024-12-10,Tuesday,9Dec24
,30g protein powder,,113,25.0,,,,2024-12-10,Tuesday,9Dec24
12:00:00,3x roll,,600,10.0,,,,2024-12-10,Tuesday,9Dec24
,500ml Light Milk,,330,16.0,,,,2024-12-10,Tuesday,9Dec24
13:30:00,Coffee,,100,,,,,2024-12-10,Tuesday,9Dec24
17:00:00,315g chicken,,650,90.0,,,,2024-12-10,Tuesday,9Dec24
,215g white rice,,320,5.0,,,,2024-12-10,Tuesday,9Dec24
,Sauce,,200,,,,,2024-12-10,Tuesday,9Dec24
,Croissant,,250,,,,,2024-12-10,Tuesday,9Dec24
11:00:00,2x porridges,,340,10.6,,,,2024-12-11,Wednesday,9Dec24
,500ml Low Fat Milk,,260,15.0,,,,2024-12-11,Wednesday,9Dec24
,Clear Whey,,83,20.0,,,,2024-12-11,Wednesday,9Dec24
14:45:00,veggie wrap,,350,,,,,2024-12-11,Wednesday,9Dec24
17:00:00,315g chicken,,650,90.0,,,,2024-12-11,Wednesday,9Dec24
,215g white rice,,320,5.0,,,,2024-12-11,Wednesday,9Dec24
,pastries,,450,,,,,2024-12-11,Wednesday,9Dec24
,sweets,,700,,,,,2024-12-11,Wednesday,9Dec24
08:30:00,Oats 80g,,284,9.8,,,,2024-12-12,Thursday,9Dec24
,Protein Powder 45g,,169.5,36.0,,,,2024-12-12,Thursday,9Dec24
,Low Fat Milk 150ml,,70.5,5.25,,,,2024-12-12,Thursday,9Dec24
14:00:00,Clear Whey,,88,20.0,,,,2024-12-12,Thursday,9Dec24
,315g chicken,,650,90.0,,,,2024-12-12,Thursday,9Dec24
,215g white rice,,320,5.0,,,,2024-12-12,Thursday,9Dec24
,Sauce,,200,,,,,2024-12-12,Thursday,9Dec24
,Croissant,,250,,,,,2024-12-12,Thursday,9Dec24
,pints,,1000,,,,,2024-12-12,Thursday,9Dec24
,snacks,,1200,,,,,2024-12-12,Thursday,9Dec24
14:30:00,shake,,165,25.0,,,,2024-12-14,Saturday,9Dec24
,wrap,,1300,50.0,,,,2024-12-14,Saturday,9Dec24
,bar,,199,20.0,,,,2024-12-14,Saturday,9Dec24
,other deli,,300,,,,,2024-12-14,Saturday,9Dec24
17:40:00,Sandwich,,500,20.0,,,,2024-12-14,Saturday,9Dec24
10:40:00,100g chicken,,217,30.0,,,,2024-12-16,Monday,16Dec24
,215g white rice,,320,5.0,,,,2024-12-16,Monday,16Dec24
,Clear Whey,,88,20.0,,,,2024-12-16,Monday,16Dec24
16:15:00,315g chicken,,650,90.0,,,,2024-12-16,Monday,16Dec24
,100g white rice,,160,2.5,,,,2024-12-16,Monday,16Dec24
,100g potato,,160,,,,,2024-12-16,Monday,16Dec24
,Sauce,,200,,,,,2024-12-16,Monday,16Dec24
,Croissant,,250,,,,,2024-12-16,Monday,16Dec24
20:32:00,Protein Bar,,227,21.0,,,,2024-12-16,Monday,16Dec24
11:00:00,320ml light milk,,134.4,,,,,2024-12-17,Tuesday,16Dec24
,2x porridge,,438,,,,,2024-12-17,Tuesday,16Dec24
16:45:00,snacks,,500,5.0,,,,2024-12-17,Tuesday,16Dec24
,315g chicken,,650,90.0,,,,2024-12-17,Tuesday,16Dec24
,100g rice,,160,5.0,,,,2024-12-17,Tuesday,16Dec24
,Sauce,,200,,,,,2024-12-17,Tuesday,16Dec24
,Excess,,200,,,,,2024-12-17,Tuesday,16Dec24
21:00:00,Clear Whey,,83,20.0,,,,2024-12-17,Tuesday,16Dec24
09:15:00,Oats 120g,,426,14.700000000000001,,,,2024-12-18,Wednesday,16Dec24
,Milk 400ml,,186,14.0,,,,2024-12-18,Wednesday,16Dec24
,100g fage,,54,10.3,,,,2024-12-18,Wednesday,16Dec24
,30g Whey Protein,,113,24.0,,,,2024-12-18,Wednesday,16Dec24
13:30:00,Coffee,,100,,,,,2024-12-18,Wednesday,16Dec24
,315g chicken,,650,90.0,,,,2024-12-18,Wednesday,16Dec24
,215g rice,,320,10.0,,,,2024-12-18,Wednesday,16Dec24
,Sauce,,200,,,,,2024-12-18,Wednesday,16Dec24
,Croissant,,250,,,,,2024-12-18,Wednesday,16Dec24
21:25:00,Clear Whey Isolate,,88,20.0,,,,2024-12-18,Wednesday,16Dec24
08:20:00,Oats 80g,,284,9.8,,,,2024-12-19,Thursday,16Dec24
,Light Milk 200ml,,93,7.0,,,,2024-12-19,Thursday,16Dec24
,Whey Powder 30g ,,113,24.0,,,,2024-12-19,Thursday,16Dec24
,Banana,,100,,,,,2024-12-19,Thursday,16Dec24
,Coffee,,100,,,,,2024-12-19,Thursday,16Dec24
14:45:00,14oz Soup,,250,,,,,2024-12-19,Thursday,16Dec24
11:30:00,Clear Whey Isolate,,88,20.0,,,,2024-12-19,Thursday,16Dec24
17:00:00,315g chicken,,650,90.0,,,,2024-12-19,Thursday,16Dec24
,215g rice,,320,10.0,,,,2024-12-19,Thursday,16Dec24
,Sauce,,200,,,,,2024-12-19,Thursday,16Dec24
,Excess,,200,,,,,2024-12-19,Thursday,16Dec24
12:05:00,315g chicken,,650,90.0,,,,2024-12-20,Friday,16Dec24
,250g rice,,400,13.0,,,,2024-12-20,Friday,16Dec24
,Sauce,,200,,,,,2024-12-20,Friday,16Dec24
17:20:00,Smacs Grilled Chicken Sandwich,,340,37.0,,,,2024-12-20,Friday,16Dec24
,Fulfil Bar,,205,20.0,,,,2024-12-20,Friday,16Dec24
,Split Pot,,170.18,,,,,2024-12-20,Friday,16Dec24
20:30:00,500ml Light Milk,,232.5,17.5,,,,2024-12-20,Friday,16Dec24
,3x Slice Bread,,321,12.899999999999999,,,,2024-12-20,Friday,16Dec24
,Clear Whey Isolate,,89,20.0,,,,2024-12-20,Friday,16Dec24
22:30:00,Apple Lattices,,650,,,,,2024-12-20,Friday,16Dec24
10:30:00,200g Chicken,,412.69841269841277,60.0,,,,2024-12-21,Saturday,16Dec24
,200g rice,,320,10.0,,,,2024-12-21,Saturday,16Dec24
,Sauce,,200,,,,,2024-12-21,Saturday,16Dec24
14:00:00,Croissant,,250,,,,,2024-12-21,Saturday,16Dec24
,Pasta Bake,,1200,40.0,,,,2024-12-21,Saturday,16Dec24
10:20:00,Oats 60g,,213,7.3500000000000005,,,,2024-12-31,Tuesday,30Dec24
,Milk Low Fat 300ml,,139.5,10.5,,,,2024-12-31,Tuesday,30Dec24
,Protein Powder 30g,,113,24.0,,,,2024-12-31,Tuesday,30Dec24
,Kvarg Pudding,,83,15.0,,,,2024-12-31,Tuesday,30Dec24
14:00:00,Coffee,,100,,,,,2024-12-31,Tuesday,30Dec24
17:00:00,Chicken 200g,,430,60.0,,,,2024-12-31,Tuesday,30Dec24
,Rice 200g,,250,5.0,,,,2024-12-31,Tuesday,30Dec24
,Sauce,,200,,,,,2024-12-31,Tuesday,30Dec24
22:00:00,Takeaway,,1500,30.0,,,,2024-12-31,Tuesday,30Dec24
11:30:00,Clear Whey,,88,20.0,,,,2025-01-01,Wednesday,30Dec24
14:00:00,Coffee,,100,,,,,2025-01-01,Wednesday,30Dec24
18:00:00,Rice,,300,5.0,,,,2025-01-01,Wednesday,30Dec24
,Pork,,500,30.0,,,,2025-01-01,Wednesday,30Dec24
,Sauce,,200,,,,,2025-01-01,Wednesday,30Dec24
,Chicken Pasta,,450,15.0,,,,2025-01-01,Wednesday,30Dec24
21:15:00,Avonmore Protein Gold Milk,,285,33.0,,,,2025-01-01,Wednesday,30Dec24
,Fulfil Bar,,199,20.0,,,,2025-01-01,Wednesday,30Dec24
08:30:00,Oats 80g,,284,9.8,,,,2025-01-02,Thursday,30Dec24
,Protein Powder 45g,,169.5,36.0,,,,2025-01-02,Thursday,30Dec24
,Low Fat Milk 150ml,,141,10.5,,,,2025-01-02,Thursday,30Dec24
,Other,,150,5.0,,,,2025-01-02,Thursday,30Dec24
11:00:00,50g Chicken,,107.5,15.0,,,,2025-01-02,Thursday,30Dec24
,Snack,,800,25.0,,,,2025-01-02,Thursday,30Dec24
11:15:00,Clear Whey,,88,20.0,,,,2025-01-02,Thursday,30Dec24
13:00:00,Coffee,,100,,,,,2025-01-02,Thursday,30Dec24
16:30:00,Bread,,500,5.0,,,,2025-01-02,Thursday,30Dec24
14:00:00,Wrap,,200,5.0,,,,2025-01-03,Friday,30Dec24
,Chicken,,400,30.0,,,,2025-01-03,Friday,30Dec24
,Cheese,,200,5.0,,,,2025-01-03,Friday,30Dec24
,Sauce,,200,,,,,2025-01-03,Friday,30Dec24
,Avonmore Protein Milk,,295,33.0,,,,2025-01-03,Friday,30Dec24
16:30:00,Monster,,11,,,,,2025-01-03,Friday,30Dec24
,Clear Whey,,88,20.0,,,,2025-01-03,Friday,30Dec24
,Sheet Isotonic,,135,,,,,2025-01-03,Friday,30Dec24
14:00:00,Wrap,,200,5.0,,,,2025-01-04,Saturday,30Dec24
,Chicken,,400,30.0,,,,2025-01-04,Saturday,30Dec24
,Cheese,,200,5.0,,,,2025-01-04,Saturday,30Dec24
,Sauce,,200,,,,,2025-01-04,Saturday,30Dec24
,Avonmore Protein Milk,,295,33.0,,,,2025-01-04,Saturday,30Dec24
10:25:00,Avonmore Protein Gold,,285,33.0,,,,2025-01-07,Tuesday,6Jan24
,Wrap,,1200,40.0,,,,2025-01-07,Tuesday,6Jan24
15:30:00,bread roll,,250,,,,,2025-01-07,Tuesday,6Jan24
17:00:00,315g chicken,,443.6507936507937,60.0,,,,2025-01-07,Tuesday,6Jan24
,215g white rice,,223.25581395348837,5.0,,,,2025-01-07,Tuesday,6Jan24
,Sauce,,200,,,,,2025-01-07,Tuesday,6Jan24
,croissant,,200,,,,,2025-01-07,Tuesday,6Jan24
,Whey,,88,20.0,,,,2025-01-07,Tuesday,6Jan24
10:15:00,Club Orange,,70,,,,,2025-01-08,Wednesday,6Jan24
,Wrap,,1200,40.0,,,,2025-01-08,Wednesday,6Jan24
,Gls Milk,,200,5.0,,,,2025-01-08,Wednesday,6Jan24
13:30:00,Whey,,88,20.0,,,,2025-01-08,Wednesday,6Jan24
,Coffee ,,50,,,,,2025-01-08,Wednesday,6Jan24
17:00:00,315g chicken,,650,90.0,,,,2025-01-08,Wednesday,6Jan24
,215g white rice,,320,5.0,,,,2025-01-08,Wednesday,6Jan24
,Sauce,,200,,,,,2025-01-08,Wednesday,6Jan24
08:20:00,300ml Whole Milk,,189,10.2,,,,2025-01-09,Thursday,6Jan24
,2x Slice White Bread,,200,5.0,,,,2025-01-09,Thursday,6Jan24
,Snack,,250,3.0,,,,2025-01-09,Thursday,6Jan24
,Mullermilch,,336,26.0,,,,2025-01-09,Thursday,6Jan24
12:30:00,Bread Roll,,250,,,,,2025-01-09,Thursday,6Jan24
14:47:00,Bread Roll,,251,,,,,2025-01-09,Thursday,6Jan24
17:00:00,315g chicken,,650,90.0,,,,2025-01-09,Thursday,6Jan24
,215g white rice,,320,5.0,,,,2025-01-09,Thursday,6Jan24
,Sauce,,200,,,,,2025-01-09,Thursday,6Jan24
14:30:00,Avonmore Protein Gold,,285,33.0,,,,2025-01-10,Friday,6Jan24
,Wrap,,1200,40.0,,,,2025-01-10,Friday,6Jan24
,Clear Whey,,88,20.0,,,,2025-01-10,Friday,6Jan24
12:30:00,Toast,,550,,,,,2025-01-11,Saturday,6Jan24
,Milk,,200,,,,,2025-01-11,Saturday,6Jan24
14:00:00,Penne 245g,,328,12.9,,,,2025-01-23,Thursday,20Jan24
,4x egg fried,,360,24.0,,,,2025-01-23,Thursday,20Jan24
,500ml Light Milk,,235,17.5,,,,2025-01-23,Thursday,20Jan24
18:00:00,Banana,,150,,,,,2025-01-23,Thursday,20Jan24
,2x bread,,256,9.399999999999999,,,,2025-01-23,Thursday,20Jan24
,150g mince,,314,49.5,,,,2025-01-23,Thursday,20Jan24
,Pt Guinness 1x,,250,,,,,2025-01-23,Thursday,20Jan24
,Oats 60g,,213,7.3500000000000005,,,,2025-01-24,Friday,20Jan24
,Milk Low Fat 300ml,,139.5,10.5,,,,2025-01-24,Friday,20Jan24
,Oats 60g,,213,7.3500000000000005,,,,2025-01-25,Saturday,20Jan24
,Milk Low Fat 300ml,,139.5,10.5,,,,2025-01-25,Saturday,20Jan24
,Oats 60g,,213,7.3500000000000005,,,,2025-01-26,Sunday,20Jan24
,Milk Low Fat 300ml,,139.5,10.5,,,,2025-01-26,Sunday,20Jan24
08:15:00,Oats 60g,,213,7.3500000000000005,,,,2025-01-27,Monday,27Jan25
,Milk 300ml,,189,10.5,,,,2025-01-27,Monday,27Jan25
,Protein Powder 30g,,113,24.0,,,,2025-01-27,Monday,27Jan25
11:05:00,Grenade Bar,,233,20.0,,,,2025-01-27,Monday,27Jan25
,Banana,,100,,,,,2025-01-27,Monday,27Jan25
,Clear Whey,,88,20.0,,,,2025-01-27,Monday,27Jan25
,Apple,,100,,,,,2025-01-27,Monday,27Jan25
13:20:00,Soup,,300,,,,,2025-01-27,Monday,27Jan25
,Bread Roll,,500,6.0,,,,2025-01-27,Monday,27Jan25
,Snack,,300,,,,,2025-01-27,Monday,27Jan25
17:15:00,Bread 2x,,200,4.0,,,,2025-01-27,Monday,27Jan25
,150g chicken,,250,38.0,,,,2025-01-27,Monday,27Jan25
,200g Rice,,260,5.0,,,,2025-01-27,Monday,27Jan25
,Sauce,,200,,,,,2025-01-27,Monday,27Jan25
08:25:00,Oats 80g,,296.8,8.8,,,,2025-01-28,Tuesday,27Jan25
,Milk 300ml,,189,10.5,,,,2025-01-28,Tuesday,27Jan25
,Protein Powder 30g,,113,24.0,,,,2025-01-28,Tuesday,27Jan25
,2x Slice Bread,,250,3.0,,,,2025-01-28,Tuesday,27Jan25
10:00:00,Banana,,100,,,,,2025-01-28,Tuesday,27Jan25
,Apple,,100,,,,,2025-01-28,Tuesday,27Jan25
13:30:00,Coffee,,50,,,,,2025-01-28,Tuesday,27Jan25
,16oz Soup,,300,,,,,2025-01-28,Tuesday,27Jan25
,Sausage Roll,,700,,,,,2025-01-28,Tuesday,27Jan25
17:00:00,200g chicken,,400,60.0,,,,2025-01-28,Tuesday,27Jan25
09:15:00,Oats 80g,,296.8,8.8,,,,2025-01-29,Wednesday,27Jan25
,Milk 300ml,,189,10.5,,,,2025-01-29,Wednesday,27Jan25
,Protein Powder 30g,,113,24.0,,,,2025-01-29,Wednesday,27Jan25
13:00:00,2x Bread,,300,3.0,,,,2025-01-29,Wednesday,27Jan25
,Soup,,150,,,,,2025-01-29,Wednesday,27Jan25
15:00:00,"Sausage Roll, Yoghurt",,900,5.0,,,,2025-01-29,Wednesday,27Jan25
17:00:00,300g Chicken,,650,90.0,,,,2025-01-29,Wednesday,27Jan25
,100g Rice,,130,,,,,2025-01-29,Wednesday,27Jan25
,Sauce,,200,,,,,2025-01-29,Wednesday,27Jan25
13:00:00,Chopped Wrap,,900,60.0,,,,2025-01-30,Thursday,27Jan25
,Shake,,175,20.0,,,,2025-01-30,Thursday,27Jan25
18:00:00,Shake,,158,25.0,,,,2025-01-30,Thursday,27Jan25
,Bar,,205,20.0,,,,2025-01-30,Thursday,27Jan25
,250ml Milk,,122.5,8.5,,,,2025-01-30,Thursday,27Jan25
,Porridge,,171,5.3,,,,2025-01-30,Thursday,27Jan25
21:00:00,3x Fried Egg,,300,20.0,,,,2025-01-30,Thursday,27Jan25
,180g Rib eye,,455.40000000000003,34.2,,,,2025-01-30,Thursday,27Jan25
,Sweet Potato,,258,4.0,,,,2025-01-30,Thursday,27Jan25
09:30:00,Oats 80g,,296.8,8.8,,,,2025-01-31,Friday,27Jan25
,Milk 300ml,,189,10.5,,,,2025-01-31,Friday,27Jan25
,Protein Powder 30g,,113,24.0,,,,2025-01-31,Friday,27Jan25
12:00:00,clear whey,,88,20.0,,,,2025-01-31,Friday,27Jan25
13:00:00,Sambo,,950,20.0,,,,2025-01-31,Friday,27Jan25
,Coffee,,100,,,,,2025-01-31,Friday,27Jan25
17:00:00,300g Chicken,,650,90.0,,,,2025-01-31,Friday,27Jan25
,200g Rice,,260,,,,,2025-01-31,Friday,27Jan25
,Sauce,,200,,,,,2025-01-31,Friday,27Jan25
13:55:00,Oats 80g,,296.8,8.8,,,,2025-02-01,Saturday,27Jan25
,Milk 300ml,,189,10.5,,,,2025-02-01,Saturday,27Jan25
,Protein Powder 30g,,113,24.0,,,,2025-02-01,Saturday,27Jan25
,Clear Whey,,88,20.0,,,,2025-02-01,Saturday,27Jan25
17:45:00,300g Chicken,,650,90.0,,,,2025-02-01,Saturday,27Jan25
,128g Cuicken Breaded,,325,23.400000000000002,,,,2025-02-01,Saturday,27Jan25
19:00:00,Bar,,205,20.0,,,,2025-02-01,Saturday,27Jan25
,Crisps,,193,,,,,2025-02-01,Saturday,27Jan25
20:00:00,180g Rib eye,,455.40000000000003,34.2,,,,2025-02-01,Saturday,27Jan25
,Rice,,360,,,,,2025-02-01,Saturday,27Jan25
10:15:00,Clear Whey,,88,20.0,,,,2025-02-02,Sunday,27Jan25
12:00:00,Bar,,222,21.0,,,,2025-02-02,Sunday,27Jan25
13:01:00,Naan,,368,,,,,2025-02-02,Sunday,27Jan25
15:33:00,Fish Tacos,,1000,30.0,,,,2025-02-02,Sunday,27Jan25
,2x Grilled Chicken Sandwiches,,680,,,,,2025-02-02,Sunday,27Jan25
,chicken Breast,,300,,,,,2025-02-02,Sunday,27Jan25
,3x Smacs cookies,,350,,,,,2025-02-02,Sunday,27Jan25
12:30:00,100g Chicken,,217,30.0,,,,2025-02-03,Monday,03Feb25
,100g Rice,,130,3.0,,,,2025-02-03,Monday,03Feb25
13:30:00,Clear Whey,,88,20.0,,,,2025-02-03,Monday,03Feb25
14:50:00,Coffee,,100,,,,,2025-02-03,Monday,03Feb25
,Soup,,200,,,,,2025-02-03,Monday,03Feb25
17:20:00,300g Chicken,,650,90.0,,,,2025-02-03,Monday,03Feb25
,200g Rice,,260,5.0,,,,2025-02-03,Monday,03Feb25
,Sauce,,200,,,,,2025-02-03,Monday,03Feb25
06:50:00,Oats 80g,,296.8,8.8,,,,2025-02-04,Tuesday,03Feb25
,Milk 300ml,,189,10.5,,,,2025-02-04,Tuesday,03Feb25
,Protein Powder 30g,,113,24.0,,,,2025-02-04,Tuesday,03Feb25
11:00:00,Coffee,,200,,,,,2025-02-04,Tuesday,03Feb25
,2x Bread,,500,,,,,2025-02-04,Tuesday,03Feb25
,Clear Whey,,88,20.0,,,,2025-02-04,Tuesday,03Feb25
15:00:00,183g Chicken,,396.5,54.900000000000006,,,,2025-02-04,Tuesday,03Feb25
,200g Rice,,160,5.0,,,,2025-02-04,Tuesday,03Feb25
,Sauce,,200,,,,,2025-02-04,Tuesday,03Feb25
,Wrap,,300,3.0,,,,2025-02-04,Tuesday,03Feb25
,Goujon,,300,15.0,,,,2025-02-04,Tuesday,03Feb25
09:30:00,Oats 70g,,259.7,7.699999999999999,,,,2025-02-05,Wednesday,03Feb25
,Milk 200ml,,126,7.0,,,,2025-02-05,Wednesday,03Feb25
,Protein Powder 30g,,113,24.0,,,,2025-02-05,Wednesday,03Feb25
10:55:00,Clear Whey,,88,20.0,,,,2025-02-05,Wednesday,03Feb25
13:00:00,Bar,,220,20.0,,,,2025-02-05,Wednesday,03Feb25
,Coffee,,100,,,,,2025-02-05,Wednesday,03Feb25
,Apple,,100,,,,,2025-02-05,Wednesday,03Feb25
17:20:00,300g Chicken,,650,90.0,,,,2025-02-05,Wednesday,03Feb25
,200g Rice,,260,5.0,,,,2025-02-05,Wednesday,03Feb25
,Sauce,,200,,,,,2025-02-05,Wednesday,03Feb25
,Croissant ,,200,,,,,2025-02-05,Wednesday,03Feb25
,Croissant,,200,,,,,2025-02-05,Wednesday,03Feb25
,Excess,,200,,,,,2025-02-05,Wednesday,03Feb25
09:30:00,Oats 70g,,259.7,7.699999999999999,,,,2025-02-06,Thursday,03Feb25
,Milk 200ml,,126,7.0,,,,2025-02-06,Thursday,03Feb25
,Protein Powder 30g,,113,24.0,,,,2025-02-06,Thursday,03Feb25
14:00:00,Coffee,,100,,,,,2025-02-06,Thursday,03Feb25
,Apple,,100,,,,,2025-02-06,Thursday,03Feb25
17:00:00,300g Chicken,,650,90.0,,,,2025-02-06,Thursday,03Feb25
,200g Rice,,260,5.0,,,,2025-02-06,Thursday,03Feb25
,Sauce,,200,,,,,2025-02-06,Thursday,03Feb25
,Excess,,200,,,,,2025-02-06,Thursday,03Feb25
22:30:00,Fanta,,63,,,,,2025-02-06,Thursday,03Feb25
,2x Eggs,,140,13.0,,,,2025-02-06,Thursday,03Feb25
,2x Wrap,,366,8.4,,,,2025-02-06,Thursday,03Feb25
,Sauce,,50,,,,,2025-02-06,Thursday,03Feb25
,Clear Whey,,88,20.0,,,,2025-02-06,Thursday,03Feb25
11:00:00,Oats 70g,,259.7,7.699999999999999,,,,2025-02-07,Friday,03Feb25
,Milk 400ml,,252,14.0,,,,2025-02-07,Friday,03Feb25
,Protein Powder 30g,,113,24.0,,,,2025-02-07,Friday,03Feb25
,chicken,,300,15.0,,,,2025-02-07,Friday,03Feb25
16:00:00,3x Eggs,,210,19.5,,,,2025-02-07,Friday,03Feb25
,330g Sweet Potato Fries,,396,,,,,2025-02-07,Friday,03Feb25
19:00:00,375g Chicken,,812.5,112.5,,,,2025-02-07,Friday,03Feb25
,125g Rice,,174,3.6,,,,2025-02-07,Friday,03Feb25
,Sauce,,200,,,,,2025-02-07,Friday,03Feb25
,Kvarg,,83,15.0,,,,2025-02-07,Friday,03Feb25
09:30:00,Oats 70g,,259.7,7.699999999999999,,,,2025-02-08,Saturday,03Feb25
,Milk 200ml,,126,7.0,,,,2025-02-08,Saturday,03Feb25
,Protein Powder 30g,,113,24.0,,,,2025-02-08,Saturday,03Feb25
,Kvarg,,83,15.0,,,,2025-02-08,Saturday,03Feb25
13:10:00,Coffee,,100,,,,,2025-02-08,Saturday,03Feb25
,Canele,,250,,,,,2025-02-08,Saturday,03Feb25
,Morning Bun,,450,,,,,2025-02-08,Saturday,03Feb25
13:40:00,Sushi,,350,15.0,,,,2025-02-08,Saturday,03Feb25
22:10:00,330g Sweet Potato Fries,,435,5.0,,,,2025-02-08,Saturday,03Feb25
,Steak,,365,36.96,,,,2025-02-08,Saturday,03Feb25
,Excess,,300,,,,,2025-02-08,Saturday,03Feb25
11:30:00,Protein Powder 30g,,113,24.0,,,,2025-02-09,Sunday,03Feb25
,Omelette,,280,,,,,2025-02-09,Sunday,03Feb25
,Protein Powder 30g,,113,24.0,,,,2025-02-09,Sunday,03Feb25
,4x Slice Ham,,85,18.0,,,,2025-02-09,Sunday,03Feb25
,30g Mozza,,125,7.5,,,,2025-02-09,Sunday,03Feb25
18:00:00,2x Slice Bread,,200,,,,,2025-02-09,Sunday,03Feb25
,3x Wraps,,558,,,,,2025-02-09,Sunday,03Feb25
17:20:00,325g Chicken,,704.1666666666666,97.5,,,,2025-02-09,Sunday,03Feb25
,250g Rice,,418,9.8,,,,2025-02-09,Sunday,03Feb25
,Sauce,,200,,,,,2025-02-09,Sunday,03Feb25
09:40:00,Oats 80g,,259.7,8.8,,,,2025-02-10,Monday,10Feb25
,Milk 200ml,,126,10.5,,,,2025-02-10,Monday,10Feb25
,Protein Powder 30g,,113,24.0,,,,2025-02-10,Monday,10Feb25
12:55:00,Croissant,,250,,,,,2025-02-10,Monday,10Feb25
13:20:00,2x Bread,,400,5.0,,,,2025-02-10,Monday,10Feb25
,Soup,,300,,,,,2025-02-10,Monday,10Feb25
14:20:00,2x Apples,,100,,,,,2025-02-10,Monday,10Feb25
,Coffee,,100,,,,,2025-02-10,Monday,10Feb25
17:00:00,200g Chicken,,429,60.0,,,,2025-02-10,Monday,10Feb25
,200g Rice,,260,5.0,,,,2025-02-10,Monday,10Feb25
,Sauce,,200,,,,,2025-02-10,Monday,10Feb25
09:20:00,Oats 80g,,259.7,7.699999999999999,,,,2025-02-11,Tuesday,10Feb25
,Milk 300ml,,126,7.0,,,,2025-02-11,Tuesday,10Feb25
,Protein Powder 30g,,113,24.0,,,,2025-02-11,Tuesday,10Feb25
11:30:00,pastry,,250,,,,,2025-02-11,Tuesday,10Feb25
,tortilla chips,,200,,,,,2025-02-11,Tuesday,10Feb25
,4x Slice Bread,,450,,,,,2025-02-11,Tuesday,10Feb25
13:45:00,Coffee,,100,,,,,2025-02-11,Tuesday,10Feb25
,2x Apples,,100,,,,,2025-02-11,Tuesday,10Feb25
,Clear Whey,,176,40.0,,,,2025-02-11,Tuesday,10Feb25
17:00:00,Wrap,,470,20.0,,,,2025-02-11,Tuesday,10Feb25
,Excess,,200,,,,,2025-02-11,Tuesday,10Feb25
09:45:00,Oats 80g,,296.8,8.8,,,,2025-02-12,Wednesday,10Feb25
,Milk 300ml,,126,7.0,,,,2025-02-12,Wednesday,10Feb25
,Protein Powder 30g,,113,24.0,,,,2025-02-12,Wednesday,10Feb25
,Bread,,600,6.0,,,,2025-02-12,Wednesday,10Feb25
,apple,,100,,,,,2025-02-12,Wednesday,10Feb25
17:00:00,300g Chicken,,650,90.0,,,,2025-02-12,Wednesday,10Feb25
,200g Rice,,260,5.0,,,,2025-02-12,Wednesday,10Feb25
,Sauce,,200,,,,,2025-02-12,Wednesday,10Feb25
,Protein Bar,,200,,,,,2025-02-12,Wednesday,10Feb25
,Clear Whey,,88,20.0,,,,2025-02-12,Wednesday,10Feb25
,Excess ,,250,,,,,2025-02-12,Wednesday,10Feb25
11:30:00,Wrap,,250,4.0,,,,2025-02-13,Thursday,10Feb25
,chicken ,,400,30.0,,,,2025-02-13,Thursday,10Feb25
,cheese,,200,8.0,,,,2025-02-13,Thursday,10Feb25
,sauce,,200,,,,,2025-02-13,Thursday,10Feb25
13:45:00,Coffee,,100,,,,,2025-02-13,Thursday,10Feb25
,2x Small Apples,,100,,,,,2025-02-13,Thursday,10Feb25
,2x Slice Bread,,200,,,,,2025-02-13,Thursday,10Feb25
17:00:00,300g Chicken,,800,90.0,,,,2025-02-13,Thursday,10Feb25
,100g Rice,,260,5.0,,,,2025-02-13,Thursday,10Feb25
,Sauce,,200,,,,,2025-02-13,Thursday,10Feb25
12:15:00,Oats 80g,,259.7,7.699999999999999,,,,2025-02-14,Friday,10Feb25
,Milk 300ml,,96,7.0,,,,2025-02-14,Friday,10Feb25
,Protein Powder 30g,,113,24.0,,,,2025-02-14,Friday,10Feb25
11:15:00,Tesco Dennys Chicken Marinara,,476,24.0,,,,2025-02-14,Friday,10Feb25
,Clear Whey,,88,20.0,,,,2025-02-14,Friday,10Feb25
18:00:00,Valentines Dinner,,2600,50.0,,,,2025-02-14,Friday,10Feb25
,Chocolate,,350,,,,,2025-02-15,Saturday,10Feb25
,Chicken Burger,,1000,40.0,,,,2025-02-15,Saturday,10Feb25
,Half Croissant ,,100,,,,,2025-02-15,Saturday,10Feb25
17:00:00,300g Chicken,,650,70.0,,,,2025-02-15,Saturday,10Feb25
,200g Rice,,260,5.0,,,,2025-02-15,Saturday,10Feb25
13:10:00,Mango Sago and stuff,,950,,,,,2025-02-16,Sunday,10Feb25
13:30:00,Oats 80g,,296.8,8.8,,,,2025-02-16,Sunday,10Feb25
,Milk 300ml,,126,10.5,,,,2025-02-16,Sunday,10Feb25
,Protein Powder 30g,,113,24.0,,,,2025-02-16,Sunday,10Feb25
17:40:00,Grilled Chicken Sambo,,680,75.4,,,,2025-02-16,Sunday,10Feb25
20:25:00,200g Watermelon,,60,,,,,2025-02-16,Sunday,10Feb25
20:40:00,150g Chicken,,216.66666666666666,45.0,,,,2025-02-16,Sunday,10Feb25
,100g Rice,,130,5.0,,,,2025-02-16,Sunday,10Feb25
10:20:00,Oats 70g,,259.7,8.8,,,,2025-02-17,Monday,17Feb25
,Milk 200ml,,96,10.5,,,,2025-02-17,Monday,17Feb25
,Protein Powder 30g,,113,24.0,,,,2025-02-17,Monday,17Feb25
13:20:00,200g Watermelon,,60,,,,,2025-02-17,Monday,17Feb25
,200g Pineapple,,100,,,,,2025-02-17,Monday,17Feb25
,2x small apple,,100,,,,,2025-02-17,Monday,17Feb25
,coffee,,100,,,,,2025-02-17,Monday,17Feb25
15:50:00,half sambo,,450,6.0,,,,2025-02-17,Monday,17Feb25
17:00:00,300g Chicken,,650,90.0,,,,2025-02-17,Monday,17Feb25
,200g Rice,,260,5.0,,,,2025-02-17,Monday,17Feb25
,Sauce,,200,,,,,2025-02-17,Monday,17Feb25
21:40:00,Clear Whey,,88,20.0,,,,2025-02-17,Monday,17Feb25
,Excess,,250,,,,,2025-02-17,Monday,17Feb25
07:30:00,Oats 70g,,259.7,8.8,,,,2025-02-18,Tuesday,17Feb25
,Milk 200ml,,96,10.5,,,,2025-02-18,Tuesday,17Feb25
,Protein Powder 30g,,113,24.0,,,,2025-02-18,Tuesday,17Feb25
,100g Greek Yoghurt,,54,9.0,,,,2025-02-18,Tuesday,17Feb25
13:30:00,Watermelon 200g,,60,,,,,2025-02-18,Tuesday,17Feb25
,Pineapple 200g,,120,,,,,2025-02-18,Tuesday,17Feb25
,2x Small Apple,,100,,,,,2025-02-18,Tuesday,17Feb25
,Coffee,,100,,,,,2025-02-18,Tuesday,17Feb25
,2x Bread,,400,,,,,2025-02-18,Tuesday,17Feb25
17:00:00,220g Chicken,,541.6666666666666,66.0,,,,2025-02-18,Tuesday,17Feb25
,200g Rice,,260,5.0,,,,2025-02-18,Tuesday,17Feb25
,Sauce,,200,,,,,2025-02-18,Tuesday,17Feb25
,Clear Whey,,88,20.0,,,,2025-02-18,Tuesday,17Feb25
,Excess,,300,,,,,2025-02-18,Tuesday,17Feb25
08:00:00,Oats 70g,,259.7,8.8,,,,2025-02-19,Wednesday,17Feb25
,Milk 200ml,,96,10.5,,,,2025-02-19,Wednesday,17Feb25
,Protein Powder 30g,,113,24.0,,,,2025-02-19,Wednesday,17Feb25
,100g Greek Yoghurt,,54,9.0,,,,2025-02-19,Wednesday,17Feb25
,Scone and Macaroon,,400,,,,,2025-02-19,Wednesday,17Feb25
13:30:00,Coffee,,100,,,,,2025-02-19,Wednesday,17Feb25
,2x Small Apples,,100,,,,,2025-02-19,Wednesday,17Feb25
,150g Kiwi,,90,,,,,2025-02-19,Wednesday,17Feb25
,100g Pineapple,,50,,,,,2025-02-19,Wednesday,17Feb25
16:25:00,2x Macaroon,,100,,,,,2025-02-19,Wednesday,17Feb25
20:15:00,300g Chicken,,650,90.0,,,,2025-02-19,Wednesday,17Feb25
,200g Rice,,260,5.0,,,,2025-02-19,Wednesday,17Feb25
,Sauce,,200,,,,,2025-02-19,Wednesday,17Feb25
,Excess,,200,,,,,2025-02-19,Wednesday,17Feb25
09:20:00,Oats 90g,,333.90000000000003,9.9,,,,2025-02-20,Thursday,17Feb25
,Milk 200ml,,96,10.5,,,,2025-02-20,Thursday,17Feb25
,Protein Powder 30g,,113,24.0,,,,2025-02-20,Thursday,17Feb25
,100g Greek Yoghurt,,54,9.0,,,,2025-02-20,Thursday,17Feb25
12:30:00,Coffee,,100,,,,,2025-02-20,Thursday,17Feb25
,"Pan au Chocolat, 2x Roll",,650,,,,,2025-02-20,Thursday,17Feb25
,Clear Whey,,88,20.0,,,,2025-02-20,Thursday,17Feb25
14:00:00,2x Small Apple,,100,,,,,2025-02-20,Thursday,17Feb25
,Watermelon 200g,,60,,,,,2025-02-20,Thursday,17Feb25
,Pineapple 200g,,120,,,,,2025-02-20,Thursday,17Feb25
17:30:00,200g Chicken,,432.90000000000003,60.0,,,,2025-02-20,Thursday,17Feb25
,100g Rice,,130,5.0,,,,2025-02-20,Thursday,17Feb25
,3x Goujons,,390,21.0,,,,2025-02-20,Thursday,17Feb25
,Excess,,200,,,,,2025-02-20,Thursday,17Feb25
10:00:00,2.5 slice toast,,290,5.0,,,,2025-02-21,Friday,17Feb25
12:40:00,Grenade - White Oreo,,232,21.0,,,,2025-02-21,Friday,17Feb25
14:20:00,Oats 70g,,259.7,8.8,,,,2025-02-21,Friday,17Feb25
,Milk 200ml,,96,10.5,,,,2025-02-21,Friday,17Feb25
,Protein Powder 30g,,113,24.0,,,,2025-02-21,Friday,17Feb25
18:00:00,300g Chicken,,650,90.0,,,,2025-02-21,Friday,17Feb25
,200g Rice,,260,5.0,,,,2025-02-21,Friday,17Feb25
,Sauce,,200,,,,,2025-02-21,Friday,17Feb25
09:15:00,Oats 50g,,185.5,5.5,,,,2025-02-22,Saturday,17Feb25
,Milk 130ml,,62.400000000000006,6.825,,,,2025-02-22,Saturday,17Feb25
,Protein Powder 30g,,113,24.0,,,,2025-02-22,Saturday,17Feb25
,Clear Whey,,88,20.0,,,,2025-02-22,Saturday,17Feb25
12:35:00,Fulfil,,220,20.0,,,,2025-02-22,Saturday,17Feb25
,Deli,,400,10.0,,,,2025-02-22,Saturday,17Feb25
,Magpie,,1200,,,,,2025-02-22,Saturday,17Feb25
14:00:00,1x wrap,,200,5.0,,,,2025-02-23,Sunday,17Feb25
,100g chicken,,220,30.0,,,,2025-02-23,Sunday,17Feb25
,sauce,,200,,,,,2025-02-23,Sunday,17Feb25
,cheese,,200,8.0,,,,2025-02-23,Sunday,17Feb25
,veg,,100,,,,,2025-02-23,Sunday,17Feb25
19:00:00,2x bread,,200,4.0,,,,2025-02-23,Sunday,17Feb25
,half can cannelini beans,,100,8.0,,,,2025-02-23,Sunday,17Feb25
20:30:00,300g Chicken,,650,90.0,,,,2025-02-23,Sunday,17Feb25
,200g Rice,,260,5.0,,,,2025-02-23,Sunday,17Feb25
,Sauce,,200,,,,,2025-02-23,Sunday,17Feb25
08:00:00,Oats 80g,,296.8,8.8,,,,2025-02-24,Monday,24Feb25
,Milk 200ml,,96,10.5,,,,2025-02-24,Monday,24Feb25
,Protein Powder 30g,,113,24.0,,,,2025-02-24,Monday,24Feb25
,100g Greek Yoghurt,,54,9.0,,,,2025-02-24,Monday,24Feb25
12:00:00,Coffee & Protein Pot,,259,20.0,,,,2025-02-24,Monday,24Feb25
13:00:00,2x Small Apples,,100,,,,,2025-02-24,Monday,24Feb25
,166g Pineapple,,83,,,,,2025-02-24,Monday,24Feb25
,200g Watermelon,,60,,,,,2025-02-24,Monday,24Feb25
,1x Kiwi,,42,,,,,2025-02-24,Monday,24Feb25
17:00:00,200g Chicken,,438,60.0,,,,2025-02-24,Monday,24Feb25
,200g Rice,,260,5.0,,,,2025-02-24,Monday,24Feb25
,Sauce,,200,,,,,2025-02-24,Monday,24Feb25
10:35:00,"2x slice bread, 400ml Milk",,396,13.6,,,,2025-02-24,Monday,24Feb25
08:00:00,Oats 80g,,296.8,8.8,,,,2025-02-25,Tuesday,24Feb25
,Milk 200ml,,96,10.5,,,,2025-02-25,Tuesday,24Feb25
,Protein Powder 30g,,113,24.0,,,,2025-02-25,Tuesday,24Feb25
,100g Greek Yoghurt,,54,9.0,,,,2025-02-25,Tuesday,24Feb25
12:00:00,Coffee & Protein Pot,,259,20.0,,,,2025-02-25,Tuesday,24Feb25
14:00:00,"Croissant, 2x Breas",,600,,,,,2025-02-25,Tuesday,24Feb25
15:30:00,2x Small Apples,,100,,,,,2025-02-25,Tuesday,24Feb25
,166g Pineapple,,83,,,,,2025-02-25,Tuesday,24Feb25
,200g Watermelon,,60,,,,,2025-02-25,Tuesday,24Feb25
,1x Kiwi,,42,,,,,2025-02-25,Tuesday,24Feb25
,wrap,,540,,,,,2025-02-25,Tuesday,24Feb25
17:00:00,200g Chicken,,200,30.0,,,,2025-02-25,Tuesday,24Feb25
,goujon wrap,,700,35.0,,,,2025-02-25,Tuesday,24Feb25
,Whey,,88,20.0,,,,2025-02-25,Tuesday,24Feb25
08:00:00,Oats 80g,,296.8,8.8,,,,2025-02-26,Wednesday,24Feb25
,Milk 200ml,,96,10.5,,,,2025-02-26,Wednesday,24Feb25
,Protein Powder 30g,,113,24.0,,,,2025-02-26,Wednesday,24Feb25
12:00:00,Coffee & Protein Pot,,259,20.0,,,,2025-02-26,Wednesday,24Feb25
13:30:00,2x Small Apples,,100,,,,,2025-02-26,Wednesday,24Feb25
,166g Pineapple,,83,,,,,2025-02-26,Wednesday,24Feb25
,200g Watermelon,,60,,,,,2025-02-26,Wednesday,24Feb25
,1x Kiwi,,42,,,,,2025-02-26,Wednesday,24Feb25
,100g Greek Yoghurt,,54,9.0,,,,2025-02-26,Wednesday,24Feb25
17:00:00,300g Chicken,,650,90.0,,,,2025-02-26,Wednesday,24Feb25
,200g Rice,,260,5.0,,,,2025-02-26,Wednesday,24Feb25
,Sauce,,200,,,,,2025-02-26,Wednesday,24Feb25
08:00:00,Oats 80g,,296.8,8.8,,,,2025-02-27,Thursday,24Feb25
,Milk 200ml,,96,10.5,,,,2025-02-27,Thursday,24Feb25
,Protein Powder 30g,,113,24.0,,,,2025-02-27,Thursday,24Feb25
,100g Greek Yoghurt,,81,13.5,,,,2025-02-27,Thursday,24Feb25
12:00:00,Coffee & Protein Pot,,259,20.0,,,,2025-02-27,Thursday,24Feb25
13:30:00,2x Small Apples,,100,,,,,2025-02-27,Thursday,24Feb25
,1x Kiwi,,42,,,,,2025-02-27,Thursday,24Feb25
,200g Watermelon,,60,,,,,2025-02-27,Thursday,24Feb25
,2x wraps,,352,12.0,,,,2025-02-27,Thursday,24Feb25
17:00:00,200g Chicken,,432.90000000000003,60.0,,,,2025-02-27,Thursday,24Feb25
,200g Rice,,260,5.0,,,,2025-02-27,Thursday,24Feb25
,Sauce,,200,,,,,2025-02-27,Thursday,24Feb25
09:00:00,Oats 80g,,296.8,8.8,,,,2025-02-28,Friday,24Feb25
,Milk 200ml,,96,10.5,,,,2025-02-28,Friday,24Feb25
,Protein Powder 30g,,113,24.0,,,,2025-02-28,Friday,24Feb25
14:00:00,Chicken Wrap,,800,40.0,,,,2025-02-28,Friday,24Feb25
,Protein Milk,,270,33.0,,,,2025-02-28,Friday,24Feb25
,Fanta,,100,,,,,2025-02-28,Friday,24Feb25
,donut,,500,,,,,2025-03-01,Saturday,24Feb25
,burger,,800,40.0,,,,2025-03-01,Saturday,24Feb25
13:40:00,Protein Yohgurt,,120,13.5,,,,2025-03-02,Sunday,24Feb25
,3x Egg,,210,18.0,,,,2025-03-02,Sunday,24Feb25
,3x Slice Bread,,267,10.8,,,,2025-03-02,Sunday,24Feb25
,1/2 Avocado,,160,2.0,,,,2025-03-02,Sunday,24Feb25
,500ml Milk,,315,17.0,,,,2025-03-02,Sunday,24Feb25
,3x Sausages,,250,8.0,,,,2025-03-02,Sunday,24Feb25
17:00:00,Clear Whey,,88,20.0,,,,2025-03-02,Sunday,24Feb25
,2x Wrap,,352,11.2,,,,2025-03-02,Sunday,24Feb25
,Grenade Bar,,220,20.0,,,,2025-03-02,Sunday,24Feb25
19:00:00,Sauce,,200,,,,,2025-03-02,Sunday,24Feb25
,200g Chicken,,433.3333333333333,75.0,,,,2025-03-02,Sunday,24Feb25
,175g Sweet Potato Fries,,300,5.0,,,,2025-03-02,Sunday,24Feb25
,500g Mango Chunks,,300,,,,,2025-03-02,Sunday,24Feb25
09:30:00,Oats 100g,,370,12.0,,,,2025-03-03,Monday,03Mar25
,Milk 250ml,,120,8.75,,,,2025-03-03,Monday,03Mar25
,Protein Powder 30g,,37.666666666666664,8.0,,,,2025-03-03,Monday,03Mar25
12:00:00,Coffee & Protein Yoghurt,,224,20.0,,,,2025-03-03,Monday,03Mar25
13:25:00,pizza,,550,20.0,,,,2025-03-03,Monday,03Mar25
14:00:00,2x Small Apples,,100,,,,,2025-03-03,Monday,03Mar25
,1x Choc Bar,,284,2.0,,,,2025-03-03,Monday,03Mar25
17:00:00,300g Chicken,,574.1666666666666,79.5,,,,2025-03-03,Monday,03Mar25
,salad,,100,,,,,2025-03-03,Monday,03Mar25
,2x Yohgurt ,,224.10000000000002,9.990000000000002,,,,2025-03-03,Monday,03Mar25
,pizza,,400,,,,,2025-03-03,Monday,03Mar25
,750ml light milk,,365,24.7,,,,2025-03-03,Monday,03Mar25
09:00:00,Oats 100g,,370,12.0,,,,2025-03-04,Tuesday,03Mar25
,Milk 250ml,,120,8.75,,,,2025-03-04,Tuesday,03Mar25
,30g Raw Honey,,100,,,,,2025-03-04,Tuesday,03Mar25
,Chicken Burger,,770,37.0,,,,2025-03-04,Tuesday,03Mar25
11:30:00,Protein Pudding,,124,20.0,,,,2025-03-04,Tuesday,03Mar25
12:00:00,Coffee & Protein Yoghurt,,,0.0,,,,2025-03-04,Tuesday,03Mar25
13:00:00,100g Mass Gainer,,378,15.0,,,,2025-03-04,Tuesday,03Mar25
13:20:00,Burger,,450,25.0,,,,2025-03-04,Tuesday,03Mar25
15:00:00,100g Mass Gainer,,378,15.0,,,,2025-03-04,Tuesday,03Mar25
17:00:00,150g Chicken,,325,45.0,,,,2025-03-04,Tuesday,03Mar25
09:00:00,Oats 100g,,370,12.0,,,,2025-03-05,Wednesday,03Mar25
,Milk 250ml,,120,8.75,,,,2025-03-05,Wednesday,03Mar25
,Honey 15g,,50,,,,,2025-03-05,Wednesday,03Mar25
,Pudding,,124,20.0,,,,2025-03-05,Wednesday,03Mar25
12:30:00,560ml milk,,357.84,19.3,,,,2025-03-05,Wednesday,03Mar25
13:00:00,94g fish,,100,18.0,,,,2025-03-05,Wednesday,03Mar25
14:00:00,2x Small Apples,,100,,,,,2025-03-05,Wednesday,03Mar25
,2x Bread Roll,,220,4.0,,,,2025-03-05,Wednesday,03Mar25
15:00:00,560ml Milk,,357.84,19.3,,,,2025-03-05,Wednesday,03Mar25
17:00:00,330g meatball,,776,53.0,,,,2025-03-05,Wednesday,03Mar25
,156g meatball,,378,25.0,,,,2025-03-05,Wednesday,03Mar25
08:40:00,Oats 100g,,370,12.0,,,,2025-03-06,Thursday,03Mar25
,Milk 250ml,,120,8.75,,,,2025-03-06,Thursday,03Mar25
,Honey 15g,,50,,,,,2025-03-06,Thursday,03Mar25
,Pudding,,124,20.0,,,,2025-03-06,Thursday,03Mar25
11:00:00,Apple,,100,,,,,2025-03-06,Thursday,03Mar25
12:00:00,560ml milk,,357.84,19.3,,,,2025-03-06,Thursday,03Mar25
,"Tortilla, Bread Roll",,430,2.0,,,,2025-03-06,Thursday,03Mar25
14:00:00,2x Small Apples,,100,,,,,2025-03-06,Thursday,03Mar25
15:00:00,560ml milk,,357.84,19.3,,,,2025-03-06,Thursday,03Mar25
17:00:00,300g Chicken,,650,90.0,,,,2025-03-06,Thursday,03Mar25
,2x Tortilla,,160,2.0,,,,2025-03-06,Thursday,03Mar25
,Pasta,,200,3.0,,,,2025-03-06,Thursday,03Mar25
,Donut,,500,,,,,2025-03-06,Thursday,03Mar25
09:00:00,Oats 100g,,370,12.0,,,,2025-03-07,Friday,03Mar25
,Milk 250ml,,120,8.75,,,,2025-03-07,Friday,03Mar25
,Protein Yoghurt ,,124,20.0,,,,2025-03-07,Friday,03Mar25
,Scone,,200,2.0,,,,2025-03-07,Friday,03Mar25
15:00:00,560ml milk,,357.84,19.3,,,,2025-03-07,Friday,03Mar25
14:00:00,Other,,300,,,,,2025-03-07,Friday,03Mar25
,200g White Fisb,,220,40.0,,,,2025-03-07,Friday,03Mar25
,65g Chicken,,107,15.0,,,,2025-03-07,Friday,03Mar25
16:00:00,560ml milk,,357.84,19.3,,,,2025-03-07,Friday,03Mar25
17:00:00,100g Chicken,,220,30.0,,,,2025-03-07,Friday,03Mar25
,150g Mash,,260,3.0,,,,2025-03-07,Friday,03Mar25
,Sauce,,200,,,,,2025-03-07,Friday,03Mar25
09:50:00,300g Chicken,,541.6666666666666,75.0,,,,2025-03-08,Saturday,03Mar25
,Sauce,,90,,,,,2025-03-08,Saturday,03Mar25
,2x Ring Donuts,,450,2.0,,,,2025-03-08,Saturday,03Mar25
,560ml milk,,357.84,19.3,,,,2025-03-08,Saturday,03Mar25
13:10:00,Clear Whey,,88,20.0,,,,2025-03-08,Saturday,03Mar25
,oreo icecap,,450,5.0,,,,2025-03-08,Saturday,03Mar25
,Chopped,,1200,75.0,,,,2025-03-08,Saturday,03Mar25
10:30:00,Wrap,,550,32.0,,,,2025-03-10,Monday,10Mar25
,protein shaks,,290,50.0,,,,2025-03-10,Monday,10Mar25
,bar,,205,20.0,,,,2025-03-10,Monday,10Mar25
11:00:00,Coffee,,100,,,,,2025-03-10,Monday,10Mar25
13:00:00,Pint Milk,,358,19.3,,,,2025-03-10,Monday,10Mar25
14:00:00,2x Bread Roll,,250,,,,,2025-03-10,Monday,10Mar25
,2x Croissant ,,400,,,,,2025-03-10,Monday,10Mar25
15:00:00,Pint Milk,,358,19.3,,,,2025-03-10,Monday,10Mar25
17:00:00,100g Chicken,,220,30.0,,,,2025-03-10,Monday,10Mar25
,200g Rice,,260,5.0,,,,2025-03-10,Monday,10Mar25
,Sauce,,150,,,,,2025-03-10,Monday,10Mar25
10:00:00,Wrap,,1200,50.0,,,,2025-03-11,Tuesday,10Mar25
,shake,,290,50.0,,,,2025-03-11,Tuesday,10Mar25
14:00:00,Pint Milk,,358,19.3,,,,2025-03-11,Tuesday,10Mar25
18:15:00,Panko,,450,40.0,,,,2025-03-11,Tuesday,10Mar25
,150g Rice,,220,2.0,,,,2025-03-11,Tuesday,10Mar25
,Sauce,,200,,,,,2025-03-11,Tuesday,10Mar25
12:45:00,brekkie,,900,40.0,,,,2025-03-12,Wednesday,10Mar25
16:00:00,Pt Milk,,358,19.3,,,,2025-03-12,Wednesday,10Mar25
,Pt Milk,,358,19.3,,,,2025-03-12,Wednesday,10Mar25
,200g white fish,,270,38.0,,,,2025-03-12,Wednesday,10Mar25
,200g Chicken,,450,60.0,,,,2025-03-12,Wednesday,10Mar25
,Wrap,,1000,50.0,,,,2025-03-13,Thursday,10Mar25
,Shake,,290,50.0,,,,2025-03-13,Thursday,10Mar25
,scone,,350,,,,,2025-03-13,Thursday,10Mar25
,Toast,,400,11.0,,,,2025-03-14,Friday,10Mar25
,Coffee,,100,,,,,2025-03-14,Friday,10Mar25
,Bar,,220,20.0,,,,2025-03-14,Friday,10Mar25
,Wrap,,1000,50.0,,,,2025-03-14,Friday,10Mar25
,brekkie,,900,10.0,,,,2025-03-17,Monday,17Mar25
,clear whey,,105,26.0,,,,2025-03-17,Monday,17Mar25
12:50:00,160g Chicken,,325,48.0,,,,2025-03-18,Tuesday,17Mar25
,250g rice,,360,5.0,,,,2025-03-18,Tuesday,17Mar25
,Sauce,,200,,,,,2025-03-18,Tuesday,17Mar25
14:00:00,clear whey,,105,26.0,,,,2025-03-18,Tuesday,17Mar25
15:20:00,500ml Milk,,235,17.0,,,,2025-03-18,Tuesday,17Mar25
,3x Eggs,,261,22.5,,,,2025-03-18,Tuesday,17Mar25
,Protein Bar,,220,20.0,,,,2025-03-18,Tuesday,17Mar25
,Oats 100g,,370,12.0,,,,2025-03-19,Wednesday,17Mar25
,500ml Milk,,235,17.0,,,,2025-03-19,Wednesday,17Mar25
,3x Eggs,,261,22.5,,,,2025-03-19,Wednesday,17Mar25
,100g Chickpeas,,124,7.2,,,,2025-03-19,Wednesday,17Mar25
,200g Chicken,,240,54.0,,,,2025-03-19,Wednesday,17Mar25
,150g Rice(dry),,547,10.0,,,,2025-03-19,Wednesday,17Mar25
,50g Peanut Butter,,281.5,10.95,,,,2025-03-19,Wednesday,17Mar25
15:00:00,sushi,,300,12.0,,,,2025-03-24,Monday,24Mar25
,Doughnut,,350,4.0,,,,2025-03-24,Monday,24Mar25
,Wrap,,370,22.0,,,,2025-03-24,Monday,24Mar25
,Skyr Yoghurt ,,243,39.6,,,,2025-03-24,Monday,24Mar25
,Pizza slice,,212,8.5,,,,2025-03-24,Monday,24Mar25
,ice cream,,230,3.5,,,,2025-03-24,Monday,24Mar25
12:00:00,75g Dry LG Rice,,266,5.6,,,,2025-03-25,Tuesday,24Mar25
,4x H. Boiled Eggs,,312,28.0,,,,2025-03-25,Tuesday,24Mar25
,sauce,,150,,,,,2025-03-25,Tuesday,24Mar25
15:35:00,Chopped,,800,60.0,,,,2025-03-25,Tuesday,24Mar25
21:08:00,100g Dry LG Rice,,354.6666666666667,7.466666666666666,,,,2025-03-25,Tuesday,24Mar25
,200g Chicken Breast,,360,50.0,,,,2025-03-25,Tuesday,24Mar25
,Sauce,,150,,,,,2025-03-25,Tuesday,24Mar25
,4x Brioche,,600,18.4,,,,2025-03-26,Wednesday,24Mar25
,4x H. Boiled Eggs,,312,28.0,,,,2025-03-26,Wednesday,24Mar25
,Mars Bar,,150,,,,,2025-03-26,Wednesday,24Mar25
,500ml Milk,,235,17.0,,,,2025-03-26,Wednesday,24Mar25
,Korma,,1465,120.3,,,,2025-03-26,Wednesday,24Mar25
,4x Brioche,,600,18.4,,,,2025-03-26,Wednesday,24Mar25
,500ml Milk,,235,17.0,,,,2025-03-28,Friday,24Mar25
,100g Dry LG Rice,,354.6666666666667,7.466666666666666,,,,2025-03-28,Friday,24Mar25
,250g Chicken Breast,,450,62.5,,,,2025-03-28,Friday,24Mar25
,Sauce,,250,,,,,2025-03-28,Friday,24Mar25
14:50:00,Wrap,,352,11.6,,,,2025-03-31,Monday,31Mar25
,100g Oats,,375,13.9,,,,2025-03-31,Monday,31Mar25
,200ml Milk,,84,7.0,,,,2025-03-31,Monday,31Mar25
,4x H. Boiled Eggs,,312,28.0,,,,2025-03-31,Monday,31Mar25
,142.5g chicken,,235,44.0,,,,2025-03-31,Monday,31Mar25
,75g dry lg rice,,278,5.3,,,,2025-03-31,Monday,31Mar25
,half can chickpeas,,149,8.6,,,,2025-03-31,Monday,31Mar25
,142.5g chicken,,235,44.0,,,,2025-03-31,Monday,31Mar25
,75g dry lg rice,,278,5.3,,,,2025-03-31,Monday,31Mar25
,half can chickpeas,,149,8.6,,,,2025-03-31,Monday,31Mar25
,50g sauce,,63,,,,,2025-03-31,Monday,31Mar25
14:00:00,4x boiled eggs,,312,28.0,,,,2025-04-02,Wednesday,31Mar25
,100g Oats,,375,13.9,,,,2025-04-02,Wednesday,31Mar25
,200ml Milk,,105,8.75,,,,2025-04-02,Wednesday,31Mar25
,Clear Whey,,105,26.0,,,,2025-04-02,Wednesday,31Mar25
16:20:00,75g dry lg rice,,278,5.3,,,,2025-04-02,Wednesday,31Mar25
,130g chicken,,235,40.0,,,,2025-04-02,Wednesday,31Mar25
,Sauce,,100,,,,,2025-04-02,Wednesday,31Mar25
21:23:00,75g dry lg rice,,278,5.3,,,,2025-04-02,Wednesday,31Mar25
,130g chicken,,235,0.0,,,,2025-04-02,Wednesday,31Mar25
,Sauce,,100,,,,,2025-04-02,Wednesday,31Mar25
23:00:00,Protein Bar,,220,20.0,,,,2025-04-02,Wednesday,31Mar25
15:00:00,4x boiled eggs,,312,28.0,,,,2025-04-03,Thursday,31Mar25
13:00:00,550ml Light Milk,,258.5,19.25,,,,2025-04-03,Thursday,31Mar25
17:00:00,1/2 Tin Kidney Beans,,100,7.8,,,,2025-04-03,Thursday,31Mar25
,150g chicken,,247.3684210526316,46.31578947368421,,,,2025-04-03,Thursday,31Mar25
,75g dry lg rice,,278,5.3,,,,2025-04-03,Thursday,31Mar25
19:00:00,1/2 Tin Kidney Beans,,100,7.8,,,,2025-04-03,Thursday,31Mar25
,150g chicken,,247.3684210526316,46.31578947368421,,,,2025-04-03,Thursday,31Mar25
,75g dry lg rice,,278,5.3,,,,2025-04-03,Thursday,31Mar25
17:20:00,Handsome Burger,,700,38.0,,,,2025-04-06,Sunday,31Mar25
14:00:00,5x boiled eggs,,390,35.0,,,,2025-04-07,Monday,07Apr25
,100g Oats,,375,13.9,,,,2025-04-07,Monday,07Apr25
,200ml Milk,,105,8.75,,,,2025-04-07,Monday,07Apr25
,Clear Whey,,105,26.0,,,,2025-04-07,Monday,07Apr25
16:30:00,75g dry lg rice,,278,5.3,,,,2025-04-07,Monday,07Apr25
,125g chicken,,210,39.0,,,,2025-04-07,Monday,07Apr25
,Sauce,,100,,,,,2025-04-07,Monday,07Apr25
,1/2 Tin Chickpeas,,136,8.6,,,,2025-04-07,Monday,07Apr25
22:00:00,75g dry lg rice,,278,5.3,,,,2025-04-07,Monday,07Apr25
,125g chicken,,210,39.0,,,,2025-04-07,Monday,07Apr25
,Sauce,,100,,,,,2025-04-07,Monday,07Apr25
,1/2 Tin Chickpeas,,136,8.6,,,,2025-04-07,Monday,07Apr25
,Excess,,150,,,,,2025-04-07,Monday,07Apr25
15:00:00,4x HB eggs,,312,28.0,,,,2025-04-08,Tuesday,07Apr25
,100g Oats,,375,13.9,,,,2025-04-08,Tuesday,07Apr25
,200ml Milk,,105,8.75,,,,2025-04-08,Tuesday,07Apr25
17:00:00,magnum,,240,3.4,,,,2025-04-08,Tuesday,07Apr25
17:30:00,75g dry lg rice,,278,5.3,,,,2025-04-08,Tuesday,07Apr25
,150g chicken,,252,46.8,,,,2025-04-08,Tuesday,07Apr25
,Sauce,,100,,,,,2025-04-08,Tuesday,07Apr25
,1/2 Tin Chickpeas,,136,8.6,,,,2025-04-08,Tuesday,07Apr25
22:00:00,75g dry lg rice,,278,5.3,,,,2025-04-08,Tuesday,07Apr25
,150g chicken,,252,46.8,,,,2025-04-08,Tuesday,07Apr25
,Sauce,,100,,,,,2025-04-08,Tuesday,07Apr25
,1/2 Tin Chickpeas,,136,8.6,,,,2025-04-08,Tuesday,07Apr25
,Excess,,100,,,,,2025-04-08,Tuesday,07Apr25
14:00:00,4x HB eggs,,312,28.0,,,,2025-04-09,Wednesday,07Apr25
,100g Oats,,375,13.9,,,,2025-04-09,Wednesday,07Apr25
,200ml Milk,,105,8.75,,,,2025-04-09,Wednesday,07Apr25
,mango 500g,,300,3.5,,,,2025-04-09,Wednesday,07Apr25
,shake and biscuit ,,451,46.5,,,,2025-04-09,Wednesday,07Apr25
,mcdonalds,,1400,38.0,,,,2025-04-09,Wednesday,07Apr25
14:00:00,4x HB eggs,,312,28.0,,,,2025-04-10,Thursday,07Apr25
,100g Oats,,375,13.9,,,,2025-04-10,Thursday,07Apr25
,300ml Milk,,126,10.5,,,,2025-04-10,Thursday,07Apr25
,monster,,250,,,,,2025-04-10,Thursday,07Apr25
17:40:00,75g dry lg rice,,278,5.3,,,,2025-04-10,Thursday,07Apr25
,150g chicken,,252,46.8,,,,2025-04-10,Thursday,07Apr25
,Sauce,,100,,,,,2025-04-10,Thursday,07Apr25
,1/2 Tin Chickpeas,,136,8.6,,,,2025-04-10,Thursday,07Apr25
,NAPOLI,,1000,,,,,2025-04-10,Thursday,07Apr25
22:30:00,75g dry lg rice,,278,5.3,,,,2025-04-10,Thursday,07Apr25
,150g chicken,,252,46.8,,,,2025-04-10,Thursday,07Apr25
,Sauce,,100,,,,,2025-04-10,Thursday,07Apr25
,1/2 Tin Chickpeas,,136,8.6,,,,2025-04-10,Thursday,07Apr25
,2x Sausage Rolls,,450,10.0,,,,2025-04-13,Sunday,07Apr25
,290g chicken,,487.2,90.48,,,,2025-04-13,Sunday,07Apr25
,rice,,368,7.6,,,,2025-04-13,Sunday,07Apr25
,purepower meal,,472,24.0,,,,2025-04-13,Sunday,07Apr25
,Clear Whey,,105,26.0,,,,2025-04-13,Sunday,07Apr25
,Clear Whey,,105,26.0,,,,2025-04-13,Sunday,07Apr25
13:30:00,4x HB eggs,,312,28.0,,,,2025-04-14,Monday,14Apr25
,100g Oats,,375,13.9,,,,2025-04-14,Monday,14Apr25
,200ml Milk,,126,10.5,,,,2025-04-14,Monday,14Apr25
17:00:00,75g dry lg rice,,278,5.3,,,,2025-04-14,Monday,14Apr25
,150g chicken,,252,46.8,,,,2025-04-14,Monday,14Apr25
,Sauce,,100,,,,,2025-04-14,Monday,14Apr25
,1/2 Tin Chickpeas,,136,8.6,,,,2025-04-14,Monday,14Apr25
21:30:00,75g dry lg rice,,278,5.3,,,,2025-04-14,Monday,14Apr25
,150g chicken,,252,46.8,,,,2025-04-14,Monday,14Apr25
,Sauce,,100,,,,,2025-04-14,Monday,14Apr25
,1/2 Tin Chickpeas,,136,8.6,,,,2025-04-14,Monday,14Apr25
00:00:00,Clear Whey,,105,26.0,,,,2025-04-14,Monday,14Apr25
12:30:00,4x HB eggs,,312,28.0,,,,2025-04-15,Tuesday,14Apr25
,100g Oats,,375,13.9,,,,2025-04-15,Tuesday,14Apr25
,200ml Milk,,126,10.5,,,,2025-04-15,Tuesday,14Apr25
16:00:00,75g dry lg rice,,278,5.3,,,,2025-04-15,Tuesday,14Apr25
,150g chicken,,252,46.8,,,,2025-04-15,Tuesday,14Apr25
,Sauce,,100,,,,,2025-04-15,Tuesday,14Apr25
,1/2 Tin Chickpeas,,136,8.6,,,,2025-04-15,Tuesday,14Apr25
17:45:00,Smacs chicken sandwich,,340,38.0,,,,2025-04-15,Tuesday,14Apr25
,75g dry lg rice,,278,5.3,,,,2025-04-15,Tuesday,14Apr25
,150g chicken,,252,46.8,,,,2025-04-15,Tuesday,14Apr25
,Sauce,,250,,,,,2025-04-15,Tuesday,14Apr25
,1/2 Tin Chickpeas,,136,8.6,,,,2025-04-15,Tuesday,14Apr25
13:30:00,4x HB eggs,,312,28.0,,,,2025-04-16,Wednesday,14Apr25
,100g Oats,,375,13.9,,,,2025-04-16,Wednesday,14Apr25
,150ml Milk,,63,5.25,,,,2025-04-16,Wednesday,14Apr25
15:30:00,Crisps,,250,,,,,2025-04-16,Wednesday,14Apr25
,protein bar,,220,20.0,,,,2025-04-16,Wednesday,14Apr25
,mochi,,380,4.0,,,,2025-04-16,Wednesday,14Apr25
,50g dry lg rice,,185.33333333333331,5.3,,,,2025-04-16,Wednesday,14Apr25
,150g chicken,,252,46.8,,,,2025-04-16,Wednesday,14Apr25
,Sauce,,100,,,,,2025-04-16,Wednesday,14Apr25
,brocolli,,43,,,,,2025-04-16,Wednesday,14Apr25
,50g dry lg rice,,185.33333333333331,5.3,,,,2025-04-16,Wednesday,14Apr25
,150g chicken,,252,46.8,,,,2025-04-16,Wednesday,14Apr25
,Sauce,,100,,,,,2025-04-16,Wednesday,14Apr25
14:00:00,100g Oats,,375,13.9,,,,2025-04-17,Thursday,14Apr25
,300ml Milk,,126,10.5,,,,2025-04-17,Thursday,14Apr25
,Honey,,100,,,,,2025-04-17,Thursday,14Apr25
18:00:00,75g dry lg rice,,278,5.3,,,,2025-04-17,Thursday,14Apr25
,150g chicken,,252,46.8,,,,2025-04-17,Thursday,14Apr25
,Sauce,,100,,,,,2025-04-17,Thursday,14Apr25
,1/2 Tin Chickpeas,,136,8.6,,,,2025-04-17,Thursday,14Apr25
22:00:00,75g dry lg rice,,278,5.3,,,,2025-04-17,Thursday,14Apr25
,150g chicken,,252,46.8,,,,2025-04-17,Thursday,14Apr25
,Sauce,,100,,,,,2025-04-17,Thursday,14Apr25
,1/2 Tin Chickpeas,,136,8.6,,,,2025-04-17,Thursday,14Apr25
00:00:00,4x HB eggs,,312,28.0,,,,2025-04-17,Thursday,14Apr25
12:45:00,100g Oats,,375,13.9,,,,2025-04-18,Friday,14Apr25
,300ml Milk,,126,10.5,,,,2025-04-18,Friday,14Apr25
,Honey,,100,,,,,2025-04-18,Friday,14Apr25
15:55:00,Wrap,,185,5.0,,,,2025-04-18,Friday,14Apr25
,Subway,,2500,100.0,,,,2025-04-18,Friday,14Apr25
,2 eggs,,156,14.0,,,,2025-04-18,Friday,14Apr25
,shake,,105,26.0,,,,2025-04-18,Friday,14Apr25
10:30:00,3x HB eggs,,234,21.0,,,,2025-04-24,Thursday,21Apr25
,100g Oats,,375,13.9,,,,2025-04-24,Thursday,21Apr25
,300ml Milk,,189,10.5,,,,2025-04-24,Thursday,21Apr25
15:00:00,50g dry lg rice,,185.33333333333331,5.3,,,,2025-04-24,Thursday,21Apr25
,100g chicken,,168,31.2,,,,2025-04-24,Thursday,21Apr25
,Sauce,,100,,,,,2025-04-24,Thursday,21Apr25
,1/3 Tin Chickpeas,,90.66666666666667,5.733333333333333,,,,2025-04-24,Thursday,21Apr25
,"85g Brocolli, 50g Cabbage",,45,3.0,,,,2025-04-24,Thursday,21Apr25
18:00:00,50g dry lg rice,,185.33333333333331,5.3,,,,2025-04-24,Thursday,21Apr25
,100g chicken,,168,31.2,,,,2025-04-24,Thursday,21Apr25
,Sauce,,100,,,,,2025-04-24,Thursday,21Apr25
,1/3 Tin Chickpeas,,90.66666666666667,5.733333333333333,,,,2025-04-24,Thursday,21Apr25
,"85g Brocolli, 50g Cabbage",,45,3.0,,,,2025-04-24,Thursday,21Apr25
21:00:00,50g dry lg rice,,185.33333333333331,5.3,,,,2025-04-24,Thursday,21Apr25
,100g chicken,,168,31.2,,,,2025-04-24,Thursday,21Apr25
,Sauce,,100,,,,,2025-04-24,Thursday,21Apr25
,1/3 Tin Chickpeas,,90.66666666666667,5.733333333333333,,,,2025-04-24,Thursday,21Apr25
,"85g Brocolli, 50g Cabbage",,45,3.0,,,,2025-04-24,Thursday,21Apr25
,Excess,,100,,,,,2025-04-24,Thursday,21Apr25
12:00:00,shake,,112,24.0,,,,2025-04-25,Friday,21Apr25
16:00:00,150g Chicken,,252,37.44,,,,2025-04-25,Friday,21Apr25
,Sauce,,100,,,,,2025-04-25,Friday,21Apr25
,150g Chicken,,252,37.44,,,,2025-04-25,Friday,21Apr25
,Sauce,,100,,,,,2025-04-25,Friday,21Apr25
,200g,,750,26.0,,,,2025-04-25,Friday,21Apr25
,fish and stuff,,655,40.0,,,,2025-04-25,Friday,21Apr25
,shake,,112,24.0,,,,2025-04-25,Friday,21Apr25
14:00:00,Croissant,,200,2.0,,,,2025-04-26,Saturday,21Apr25
,1/2 Bar,,110,10.0,,,,2025-04-26,Saturday,21Apr25
17:20:00,Thai Red Curry,,800,40.0,,,,2025-04-26,Saturday,21Apr25
22:40:00,Chicken Korma,,452,55.4,,,,2025-04-26,Saturday,21Apr25
,Rice,,350,7.5,,,,2025-04-26,Saturday,21Apr25
,Icecream,,116,,,,,2025-04-26,Saturday,21Apr25
,Excess,,200,,,,,2025-04-26,Saturday,21Apr25
14:30:00,100g Oats,,375,13.9,,,,2025-04-27,Sunday,21Apr25
,300ml Milk,,189,10.5,,,,2025-04-27,Sunday,21Apr25
,banana and pineapple,,250,,,,,2025-04-27,Sunday,21Apr25
17:00:00,75g Lentil,,92.25,7.949999999999999,,,,2025-04-27,Sunday,21Apr25
21:00:00,75g LG rice,,102.75,2.25,,,,2025-04-27,Sunday,21Apr25
,200g Brocolli ,,68,5.8,,,,2025-04-27,Sunday,21Apr25
,150g Cabbage,,34,2.0,,,,2025-04-27,Sunday,21Apr25
,100g Red Pepper and 9g Garlic,,50,1.6,,,,2025-04-27,Sunday,21Apr25
,300g Chicken,,500,90.0,,,,2025-04-27,Sunday,21Apr25
00:00:00,4x HB eggs,,312,28.0,,,,2025-04-27,Sunday,21Apr25
,mcnuggets,,382,22.0,,,,2025-04-27,Sunday,21Apr25
,protein bar,,200,21.0,,,,2025-04-27,Sunday,21Apr25
12:30:00,100g Oats,,375,13.9,,,,2025-04-28,Monday,28Apr25
,300ml Milk,,189,10.5,,,,2025-04-28,Monday,28Apr25
,120g Pomegranate Seeds,,90,1.7,,,,2025-04-28,Monday,28Apr25
15:15:00,"Shake (2x Scoop, 400ml Milk)",,408,62.0,,,,2025-04-28,Monday,28Apr25
18:00:00,75g Lentil,,92.25,7.949999999999999,,,,2025-04-28,Monday,28Apr25
21:00:00,75g LG rice,,102.75,2.25,,,,2025-04-28,Monday,28Apr25
,200g Brocolli ,,68,5.8,,,,2025-04-28,Monday,28Apr25
,150g Cabbage,,34,2.0,,,,2025-04-28,Monday,28Apr25
,100g Red Pepper and 9g Garlic,,50,1.6,,,,2025-04-28,Monday,28Apr25
,350g Chicken,,583.3333333333334,105.0,,,,2025-04-28,Monday,28Apr25
,Sauce,,200,,,,,2025-04-28,Monday,28Apr25
,Fanta,,64,,,,,2025-04-28,Monday,28Apr25
,Excess,,200,,,,,2025-04-28,Monday,28Apr25
11:00:00,100g Oats,,375,13.9,,,,2025-04-29,Tuesday,28Apr25
,300ml Milk,,189,10.5,,,,2025-04-29,Tuesday,28Apr25
,Honey,,100,,,,,2025-04-29,Tuesday,28Apr25
14:00:00,4x HB eggs,,312,28.0,,,,2025-04-29,Tuesday,28Apr25
18:00:00,75g Lentil,,92.25,7.949999999999999,,,,2025-04-29,Tuesday,28Apr25
21:00:00,75g LG rice,,102.75,2.25,,,,2025-04-29,Tuesday,28Apr25
,200g Brocolli ,,68,5.8,,,,2025-04-29,Tuesday,28Apr25
,150g Cabbage,,34,2.0,,,,2025-04-29,Tuesday,28Apr25
,100g Red Pepper and 9g Garlic,,50,1.6,,,,2025-04-29,Tuesday,28Apr25
,300g Chicken,,500,90.0,,,,2025-04-29,Tuesday,28Apr25
,100g Sweet Potato,,86,1.6,,,,2025-04-29,Tuesday,28Apr25
,Tin Chickpeas,,270,17.1,,,,2025-04-29,Tuesday,28Apr25
,protein bar,,200,21.0,,,,2025-04-29,Tuesday,28Apr25
,Excess,,200,,,,,2025-04-29,Tuesday,28Apr25
11:00:00,100g Oats,,375,13.9,,,,2025-04-30,Wednesday,28Apr25
,300ml Milk,,189,10.5,,,,2025-04-30,Wednesday,28Apr25
,15g Honey,,50,,,,,2025-04-30,Wednesday,28Apr25
14:00:00,4x HB eggs,,312,28.0,,,,2025-04-30,Wednesday,28Apr25
,Fanta,,64,,,,,2025-04-30,Wednesday,28Apr25
18:00:00,75g Lentil,,92.25,7.949999999999999,,,,2025-04-30,Wednesday,28Apr25
21:00:00,75g LG rice,,102.75,2.25,,,,2025-04-30,Wednesday,28Apr25
,200g Brocolli ,,68,5.8,,,,2025-04-30,Wednesday,28Apr25
,150g Cabbage,,34,2.0,,,,2025-04-30,Wednesday,28Apr25
,100g Red Pepper and 9g Garlic,,50,1.6,,,,2025-04-30,Wednesday,28Apr25
,300g Chicken,,500,90.0,,,,2025-04-30,Wednesday,28Apr25
,100g Sweet Potato,,86,1.6,,,,2025-04-30,Wednesday,28Apr25
,Tin Chickpeas,,270,17.1,,,,2025-04-30,Wednesday,28Apr25
,2 Tbsp EVOO,,240,,,,,2025-04-30,Wednesday,28Apr25
,Choc bar and crisps,,373,1.4,,,,2025-04-30,Wednesday,28Apr25
14:35:00,Shake w/ 300ml Light Milk,,301,34.5,,,,2025-05-01,Thursday,28Apr25
15:20:00,Banana and Fanta,,164,,,,,2025-05-01,Thursday,28Apr25
18:00:00,75g Lentil,,92.25,7.949999999999999,,,,2025-05-01,Thursday,28Apr25
21:00:00,75g LG rice,,102.75,2.25,,,,2025-05-01,Thursday,28Apr25
,200g Brocolli ,,68,5.8,,,,2025-05-01,Thursday,28Apr25
,150g Cabbage,,34,2.0,,,,2025-05-01,Thursday,28Apr25
,100g Red Pepper and 9g Garlic,,50,1.6,,,,2025-05-01,Thursday,28Apr25
,300g Chicken,,500,90.0,,,,2025-05-01,Thursday,28Apr25
,100g Sweet Potato,,86,1.6,,,,2025-05-01,Thursday,28Apr25
,Tin Chickpeas,,270,17.1,,,,2025-05-01,Thursday,28Apr25
,4x HB eggs,,312,28.0,,,,2025-05-01,Thursday,28Apr25
11:00:00,100g Oats,,375,13.9,,,,2025-05-02,Friday,28Apr25
,300ml Milk,,189,10.5,,,,2025-05-02,Friday,28Apr25
,15g Honey,,50,,,,,2025-05-02,Friday,28Apr25
17:00:00,75g LG rice,,102.75,2.25,,,,2025-05-02,Friday,28Apr25
,200g Brocolli ,,68,5.8,,,,2025-05-02,Friday,28Apr25
,150g Cabbage,,34,2.0,,,,2025-05-02,Friday,28Apr25
,100g Red Pepper and 9g Garlic,,50,1.6,,,,2025-05-02,Friday,28Apr25
,300g Chicken,,500,90.0,,,,2025-05-02,Friday,28Apr25
,100g Sweet Potato,,86,1.6,,,,2025-05-02,Friday,28Apr25
,Tin Chickpeas,,270,17.1,,,,2025-05-02,Friday,28Apr25
,2 Tbsp EVOO,,300,,,,,2025-05-02,Friday,28Apr25
,Rum and Coke,,600,,,,,2025-05-02,Friday,28Apr25
,75g Lentil,,92.25,7.949999999999999,,,,2025-05-06,Tuesday,05May25
,75g LG rice,,102.75,2.25,,,,2025-05-06,Tuesday,05May25
,200g Brocolli ,,68,5.8,,,,2025-05-06,Tuesday,05May25
,150g Cabbage,,17,1.0,,,,2025-05-06,Tuesday,05May25
,100g Red Pepper and 9g Garlic,,50,1.6,,,,2025-05-06,Tuesday,05May25
,300g Chicken,,458.3333333333333,75.0,,,,2025-05-06,Tuesday,05May25
,100g Sweet Potato,,86,1.6,,,,2025-05-06,Tuesday,05May25
,Tin Chickpeas,,270,17.1,,,,2025-05-06,Tuesday,05May25
,2 Tbsp EVOO,,240,,,,,2025-05-06,Tuesday,05May25
,myprotein yoghurt,,162,20.0,,,,2025-05-06,Tuesday,05May25
,80g Oats and 200mp Light Milk,,400,15.0,,,,2025-05-06,Tuesday,05May25
,gouda,,228,15.0,,,,2025-05-06,Tuesday,05May25
10:30:00,60g Oats and 100ml Light Milk,,275,10.0,,,,2025-05-07,Wednesday,05May25
13:00:00,3x HB eggs,,234,21.0,,,,2025-05-07,Wednesday,05May25
,Coffee,,100,,,,,2025-05-07,Wednesday,05May25
17:15:00,75g Lentil,,92.25,7.949999999999999,,,,2025-05-07,Wednesday,05May25
20:15:00,75g LG rice,,102.75,2.25,,,,2025-05-07,Wednesday,05May25
,200g Brocolli ,,68,5.8,,,,2025-05-07,Wednesday,05May25
,150g Cabbage,,17,1.0,,,,2025-05-07,Wednesday,05May25
,100g Red Pepper and 9g Garlic,,50,1.6,,,,2025-05-07,Wednesday,05May25
,280g Chicken,,513.3333333333333,84.0,,,,2025-05-07,Wednesday,05May25
,100g Sweet Potato,,86,1.6,,,,2025-05-07,Wednesday,05May25
,Tin Chickpeas,,270,17.1,,,,2025-05-07,Wednesday,05May25
,Can Fanta,,64,,,,,2025-05-07,Wednesday,05May25
,Fulfill Bar,,199,21.0,,,,2025-05-07,Wednesday,05May25
10:30:00,60g Oats and 100ml Light Milk,,275,10.0,,,,2025-05-08,Thursday,05May25
,15g Honey,,50,,,,,2025-05-08,Thursday,05May25
13:00:00,4x HB eggs,,312,28.0,,,,2025-05-08,Thursday,05May25
,Coffee,,100,,,,,2025-05-08,Thursday,05May25
17:15:00,75g Lentil,,92.25,7.949999999999999,,,,2025-05-08,Thursday,05May25
20:15:00,75g LG rice,,102.75,2.25,,,,2025-05-08,Thursday,05May25
,200g Brocolli ,,68,5.8,,,,2025-05-08,Thursday,05May25
,150g Cabbage,,17,1.0,,,,2025-05-08,Thursday,05May25
,100g Red Pepper and 9g Garlic,,50,1.6,,,,2025-05-08,Thursday,05May25
,280g Chicken,,513.3333333333333,84.0,,,,2025-05-08,Thursday,05May25
,100g Sweet Potato,,86,1.6,,,,2025-05-08,Thursday,05May25
,Tin Chickpeas,,270,17.1,,,,2025-05-08,Thursday,05May25
,Banana,,100,,,,,2025-05-08,Thursday,05May25
10:15:00,60g Oats and 100ml Light Milk,,275,10.0,,,,2025-05-09,Friday,05May25
,5x HB eggs,,390,35.0,,,,2025-05-09,Friday,05May25
15:30:00,75g Lentil,,92.25,7.949999999999999,,,,2025-05-09,Friday,05May25
19:10:00,75g LG rice,,102.75,2.25,,,,2025-05-09,Friday,05May25
,200g Brocolli ,,68,5.8,,,,2025-05-09,Friday,05May25
,150g Cabbage,,17,1.0,,,,2025-05-09,Friday,05May25
,100g Red Pepper and 9g Garlic,,50,1.6,,,,2025-05-09,Friday,05May25
,280g Chicken,,685,60.0,,,,2025-05-09,Friday,05May25
,100g Sweet Potato,,86,1.6,,,,2025-05-09,Friday,05May25
,Tin Chickpeas,,270,17.1,,,,2025-05-09,Friday,05May25
,EVOO,,240,,,,,2025-05-09,Friday,05May25
,Fulfil Bar,,220,19.8,,,,2025-05-09,Friday,05May25
,Wrap,,300,10.0,,,,2025-05-09,Friday,05May25
,Mango,,200,,,,,2025-05-10,Saturday,05May25
,Supersub,,700,60.0,,,,2025-05-10,Saturday,05May25
,60g Cheddar,,240,15.0,,,,2025-05-12,Monday,13May25
,280g Chicken,,588.3333333333333,69.0,,,,2025-05-12,Monday,13May25
,75g Lentil,,92.25,7.949999999999999,,,,2025-05-12,Monday,13May25
,75g LG rice,,102.75,2.25,,,,2025-05-12,Monday,13May25
,150g Cabbage,,25.5,1.0,,,,2025-05-12,Monday,13May25
,ON Shake,,290,50.0,,,,2025-05-12,Monday,13May25
,4x HB eggs,,312,28.0,,,,2025-05-12,Monday,13May25
,60g Cheddar,,240,15.0,,,,2025-05-13,Tuesday,13May25
,280g Chicken,,588.3333333333333,69.0,,,,2025-05-13,Tuesday,13May25
,75g Lentil,,92.25,7.949999999999999,,,,2025-05-13,Tuesday,13May25
,75g LG rice,,102.75,2.25,,,,2025-05-13,Tuesday,13May25
,150g Cabbage,,25.5,1.0,,,,2025-05-13,Tuesday,13May25
,4x HB eggs,,312,28.0,,,,2025-05-13,Tuesday,13May25
10:30:00,80g Oats and 200ml Light Milk,,374,17.0,,,,2025-05-14,Wednesday,13May25
13:30:00,4x HB eggs,,312,28.0,,,,2025-05-14,Wednesday,13May25
17:30:00,75g Lentil,,92.25,7.949999999999999,,,,2025-05-14,Wednesday,13May25
20:30:00,75g LG rice,,102.75,2.25,,,,2025-05-14,Wednesday,13May25
,100g Brocolli ,,34,2.9,,,,2025-05-14,Wednesday,13May25
,100g Cabbage,,34,1.0,,,,2025-05-14,Wednesday,13May25
,100g Red Pepper and 9g Garlic,,50,1.6,,,,2025-05-14,Wednesday,13May25
,350g Chicken,,650,100.0,,,,2025-05-14,Wednesday,13May25
,Tin Chickpeas,,270,17.1,,,,2025-05-14,Wednesday,13May25
,60g Cheddar,,240,15.0,,,,2025-05-14,Wednesday,13May25
,80g Oats and 50ml Light Milk,,331,11.0,,,,2025-05-15,Thursday,13May25
,4x HB eggs,,312,28.0,,,,2025-05-15,Thursday,13May25
,75g Lentil,,92.25,7.949999999999999,,,,2025-05-15,Thursday,13May25
,75g LG rice,,102.75,2.25,,,,2025-05-15,Thursday,13May25
,100g Brocolli ,,34,2.9,,,,2025-05-15,Thursday,13May25
,100g Cabbage,,34,1.0,,,,2025-05-15,Thursday,13May25
,100g Red Pepper and 9g Garlic,,50,1.6,,,,2025-05-15,Thursday,13May25
,320g Chicken,,590,93.0,,,,2025-05-15,Thursday,13May25
,Tin Chickpeas,,270,17.1,,,,2025-05-15,Thursday,13May25
,80g Cheddar,,320,20.0,,,,2025-05-15,Thursday,13May25
,Breakfast,,340,15.0,,,,2025-05-16,Friday,13May25
,Morgan,,1600,,,,,2025-05-16,Friday,13May25
,Protein Bar,,210,20.0,,,,2025-05-19,Monday,19May25
,Toast,,450,10.0,,,,2025-05-19,Monday,19May25
,Shake + 200ml Milk,,202,30.0,,,,2025-05-19,Monday,19May25
,Coffee,,100,,,,,2025-05-19,Monday,19May25
,Lunch,,1070,90.0,,,,2025-05-19,Monday,19May25
,Fruit,,250,,,,,2025-05-19,Monday,19May25
,Protein Drink,,165,35.0,,,,2025-05-19,Monday,19May25
,Smacs and Banana,,785,65.0,,,,2025-05-20,Tuesday,19May25
,Shake,,165,25.0,,,,2025-05-20,Tuesday,19May25
,"chicken, eggs, etc",,1185,154.0,,,,2025-05-20,Tuesday,19May25
11:00:00,80g Oats and 200ml Light Milk,,374,17.0,,,,2025-05-21,Wednesday,19May25
,Honey,,75,,,,,2025-05-21,Wednesday,19May25
13:30:00,4x HB eggs,,312,28.0,,,,2025-05-21,Wednesday,19May25
,Coffee,,100,,,,,2025-05-21,Wednesday,19May25
,75g Lentil,,92.25,7.949999999999999,,,,2025-05-21,Wednesday,19May25
,75g LG rice,,102.75,2.25,,,,2025-05-21,Wednesday,19May25
,100g Brocolli ,,34,2.9,,,,2025-05-21,Wednesday,19May25
,100g Cabbage,,34,1.0,,,,2025-05-21,Wednesday,19May25
,300g Chicken,,557.1428571428571,85.71428571428571,,,,2025-05-21,Wednesday,19May25
,EVOO,,200,,,,,2025-05-21,Wednesday,19May25
,60g Cheddar,,240,15.0,,,,2025-05-21,Wednesday,19May25
,Banana,,120,,,,,2025-05-21,Wednesday,19May25
,Excess,,100,,,,,2025-05-21,Wednesday,19May25
11:00:00,80g Oats and 200ml Light Milk,,374,17.0,,,,2025-05-22,Thursday,19May25
,Honey,,75,,,,,2025-05-22,Thursday,19May25
14:30:00,"4x HB eggs, 150g Sweet Potato (Air Fried)",,452,30.0,,,,2025-05-22,Thursday,19May25
17:30:00,75g Lentil,,92.25,7.949999999999999,,,,2025-05-22,Thursday,19May25
20:00:00,75g LG rice,,102.75,2.25,,,,2025-05-22,Thursday,19May25
,100g Brocolli ,,34,2.9,,,,2025-05-22,Thursday,19May25
,100g Cabbage,,34,1.0,,,,2025-05-22,Thursday,19May25
,300g Chicken,,557.1428571428571,85.71428571428571,,,,2025-05-22,Thursday,19May25
,EVOO,,200,,,,,2025-05-22,Thursday,19May25
,60g Cheddar,,240,15.0,,,,2025-05-22,Thursday,19May25
,Peas,,259.44,15.455999999999998,,,,2025-05-22,Thursday,19May25
11:00:00,80g Oats and 200ml Light Milk,,374,17.0,,,,2025-05-23,Friday,19May25
,Honey,,50,,,,,2025-05-23,Friday,19May25
14:30:00,"4x HB eggs, 150g Sweet Potato (Air Fried)",,452,30.0,,,,2025-05-23,Friday,19May25
,pear,,95,,,,,2025-05-23,Friday,19May25
17:30:00,75g Lentil,,92.25,7.949999999999999,,,,2025-05-23,Friday,19May25
20:00:00,75g LG rice,,102.75,2.25,,,,2025-05-23,Friday,19May25
,100g Brocolli ,,34,2.9,,,,2025-05-23,Friday,19May25
,100g Cabbage,,34,1.0,,,,2025-05-23,Friday,19May25
,"225g Chicken (Underside, Leg)",,400,45.0,,,,2025-05-23,Friday,19May25
,75g chicken breast,,125,23.0,,,,2025-05-23,Friday,19May25
,EVOO,,200,,,,,2025-05-23,Friday,19May25
,60g Cheddar and Mozzarella,,240,15.0,,,,2025-05-23,Friday,19May25
,1x Can of Chickpeas,,298,17.2,,,,2025-05-23,Friday,19May25
,3x Slice White Bread,,288,10.8,,,,2025-05-23,Friday,19May25
,80g Oats and 200ml Light Milk,,374,17.0,,,,2025-05-24,Saturday,19May25
,Honey,,75,,,,,2025-05-24,Saturday,19May25
,"2x HB eggs, 150g Sweet Potato (Air Fried)",,218,9.0,,,,2025-05-24,Saturday,19May25
,Seafood Plate,,1200,89.0,,,,2025-05-24,Saturday,19May25
12:00:00,Protein Bar,,210,20.0,,,,2025-05-25,Sunday,19May25
13:30:00,80g Oats and 200ml Light Milk,,374,17.0,,,,2025-05-26,Monday,26May25
,Honey,,50,,,,,2025-05-26,Monday,26May25
,4x Egg white HB,,68,14.0,,,,2025-05-26,Monday,26May25
17:00:00,75g Lentil,,92.25,7.949999999999999,,,,2025-05-26,Monday,26May25
,75g LG rice,,102.75,2.25,,,,2025-05-26,Monday,26May25
,100g Brocolli ,,34,2.9,,,,2025-05-26,Monday,26May25
,100g Cabbage,,34,1.0,,,,2025-05-26,Monday,26May25
,"225g Chicken (Underside, Leg)",,400,45.0,,,,2025-05-26,Monday,26May25
,75g chicken breast,,125,23.0,,,,2025-05-26,Monday,26May25
,EVOO,,200,,,,,2025-05-26,Monday,26May25
,60g Cheddar and Mozzarella,,240,15.0,,,,2025-05-26,Monday,26May25
,1x Can of Chickpeas,,298,17.2,,,,2025-05-26,Monday,26May25
10:45:00,80g Oats and 200ml Light Milk,,374,17.0,,,,2025-05-27,Tuesday,26May25
,Honey,,50,,,,,2025-05-27,Tuesday,26May25
,4x Egg white HB,,68,14.0,,,,2025-05-27,Tuesday,26May25
,Protein bar,,200,20.0,,,,2025-05-27,Tuesday,26May25
13:30:00,75g Lentil,,92.25,7.949999999999999,,,,2025-05-27,Tuesday,26May25
17:30:00,75g LG rice,,102.75,2.25,,,,2025-05-27,Tuesday,26May25
,100g Brocolli ,,34,2.9,,,,2025-05-27,Tuesday,26May25
,100g Cabbage,,34,1.0,,,,2025-05-27,Tuesday,26May25
,300g Chicken,,500,60.0,,,,2025-05-27,Tuesday,26May25
,60g Cheddar and Mozzarella,,240,15.0,,,,2025-05-27,Tuesday,26May25
,1x Can of Chickpeas,,298,17.2,,,,2025-05-27,Tuesday,26May25
10:20:00,80g Oats and 200ml Light Milk,,374,17.0,,,,2025-05-28,Wednesday,26May25
,Honey,,50,,,,,2025-05-28,Wednesday,26May25
,4x Egg white HB,,68,14.0,,,,2025-05-28,Wednesday,26May25
13:30:00,75g Lentil,,92.25,7.949999999999999,,,,2025-05-28,Wednesday,26May25
17:30:00,75g LG rice,,102.75,2.25,,,,2025-05-28,Wednesday,26May25
,100g Brocolli ,,34,2.9,,,,2025-05-28,Wednesday,26May25
,100g Cabbage,,34,1.0,,,,2025-05-28,Wednesday,26May25
,300g Chicken,,500,60.0,,,,2025-05-28,Wednesday,26May25
,60g Cheddar and Mozzarella,,240,15.0,,,,2025-05-28,Wednesday,26May25
,1x Can of Chickpeas,,298,17.2,,,,2025-05-28,Wednesday,26May25
10:20:00,80g Oats and 200ml Light Milk,,374,17.0,,,,2025-05-29,Thursday,26May25
,Honey,,50,,,,,2025-05-29,Thursday,26May25
,4x Egg white HB,,68,14.0,,,,2025-05-29,Thursday,26May25
12:30:00,Shake with water,,112,24.0,,,,2025-05-29,Thursday,26May25
,2x Banana,,200,,,,,2025-05-29,Thursday,26May25
13:30:00,75g Lentil,,92.25,7.949999999999999,,,,2025-05-29,Thursday,26May25
17:30:00,75g LG rice,,102.75,2.25,,,,2025-05-29,Thursday,26May25
,100g Brocolli ,,34,2.9,,,,2025-05-29,Thursday,26May25
,100g Cabbage,,34,1.0,,,,2025-05-29,Thursday,26May25
,300g Chicken,,500,60.0,,,,2025-05-29,Thursday,26May25
,60g Cheddar and Mozzarella,,240,15.0,,,,2025-05-29,Thursday,26May25
,1x Can of Chickpeas,,298,17.2,,,,2025-05-29,Thursday,26May25
,Fanta,,74,,,,,2025-05-29,Thursday,26May25
,Battered Hot dog,,500,10.0,,,,2025-06-02,Monday,02June25
,Cellar,,650,40.0,,,,2025-06-02,Monday,02June25
13:00:00,Cookie,,395,3.4,,,,2025-06-03,Tuesday,02June25
18:30:00,75g Lentil,,92.25,7.949999999999999,,,,2025-06-03,Tuesday,02June25
20:30:00,60g LG rice,,82.2,1.7999999999999998,,,,2025-06-03,Tuesday,02June25
,125g Brocolli ,,42.5,2.9,,,,2025-06-03,Tuesday,02June25
,150g Cabbage,,51,1.0,,,,2025-06-03,Tuesday,02June25
,320g Chicken,,533.3333333333334,85.33333333333333,,,,2025-06-03,Tuesday,02June25
,40g Reduced Fat Cheese,,119,11.2,,,,2025-06-03,Tuesday,02June25
,1x Can of Chickpeas,,298,17.2,,,,2025-06-03,Tuesday,02June25
,Soy Sauce,,100,,,,,2025-06-03,Tuesday,02June25
,Excess,,150,,,,,2025-06-03,Tuesday,02June25
10:00:00,50g Oats and 100ml Light Milk,,237,8.9,,,,2025-06-04,Wednesday,02June25
13:00:00,4x Egg white HB,,68,14.0,,,,2025-06-04,Wednesday,02June25
,Shake,,117,20.0,,,,2025-06-04,Wednesday,02June25
14:00:00,75g Lentil,,92.25,7.949999999999999,,,,2025-06-04,Wednesday,02June25
18:30:00,60g LG rice,,82.2,1.7999999999999998,,,,2025-06-04,Wednesday,02June25
,125g Brocolli ,,42.5,2.9,,,,2025-06-04,Wednesday,02June25
,150g Cabbage,,51,1.0,,,,2025-06-04,Wednesday,02June25
,320g Chicken,,533.3333333333334,85.33333333333333,,,,2025-06-04,Wednesday,02June25
,40g Reduced Fat Cheese,,119,11.2,,,,2025-06-04,Wednesday,02June25
,1/2 Can of Chickpeas,,149,8.6,,,,2025-06-04,Wednesday,02June25
,Soy Sauce,,100,,,,,2025-06-04,Wednesday,02June25
10:00:00,50g Oats and 100ml Light Milk,,237,8.9,,,,2025-06-05,Thursday,02June25
13:00:00,4x Egg white HB,,68,14.0,,,,2025-06-05,Thursday,02June25
,Shake,,117,20.0,,,,2025-06-05,Thursday,02June25
14:00:00,75g Lentil,,92.25,7.949999999999999,,,,2025-06-05,Thursday,02June25
18:30:00,60g LG rice,,82.2,1.7999999999999998,,,,2025-06-05,Thursday,02June25
,125g Brocolli ,,42.5,2.9,,,,2025-06-05,Thursday,02June25
,150g Cabbage,,51,1.0,,,,2025-06-05,Thursday,02June25
,300g Chicken,,500,80.0,,,,2025-06-05,Thursday,02June25
,40g Reduced Fat Cheese,,119,11.2,,,,2025-06-05,Thursday,02June25
,1/2 Can of Chickpeas,,149,8.6,,,,2025-06-05,Thursday,02June25
,Soy Sauce,,100,,,,,2025-06-05,Thursday,02June25
10:00:00,Coffee,,50,,,,,2025-06-06,Friday,02June25
11:40:00,5x Egg white HB,,85,17.5,,,,2025-06-06,Friday,02June25
11:40:00,75g Lentil,,92.25,7.949999999999999,,,,2025-06-06,Friday,02June25
15:30:00,60g LG rice,,82.2,1.7999999999999998,,,,2025-06-06,Friday,02June25
,125g Brocolli ,,42.5,2.9,,,,2025-06-06,Friday,02June25
,150g Cabbage,,51,1.0,,,,2025-06-06,Friday,02June25
,300g Chicken,,525,80.0,,,,2025-06-06,Friday,02June25
,40g Reduced Fat Cheese,,119,11.2,,,,2025-06-06,Friday,02June25
,1/2 Can of Chickpeas,,149,8.6,,,,2025-06-06,Friday,02June25
,Soy Sauce,,100,,,,,2025-06-06,Friday,02June25
17:50:00,Shake,,88,20.0,,,,2025-06-06,Friday,02June25
15:30:00,Cafe Brunch,,1750,75.0,,,,2025-06-07,Saturday,02June25
,Bar 4x,,800,80.0,,,,2025-06-08,Sunday,02June25
,Banana,,100,,,,,2025-06-08,Sunday,02June25
,Smoked Salmon,,165,23.0,,,,2025-06-08,Sunday,02June25
,Banana,,100,,,,,2025-06-08,Sunday,02June25
,5x HB Egg Whites,,85,18.0,,,,2025-06-09,Monday,09June25
,50g Lentil,,61.5,5.3,,,,2025-06-09,Monday,09June25
,50g LG rice,,68.5,1.5,,,,2025-06-09,Monday,09June25
,100g Boiled Potato,,80,2.0,,,,2025-06-09,Monday,09June25
,125g Brocolli ,,42.5,2.9,,,,2025-06-09,Monday,09June25
,150g Cabbage,,51,1.0,,,,2025-06-09,Monday,09June25
,300g Chicken,,500,80.0,,,,2025-06-09,Monday,09June25
,40g Reduced Fat Cheese,,119,11.2,,,,2025-06-09,Monday,09June25
,1/2 Can of Chickpeas,,149,8.6,,,,2025-06-09,Monday,09June25
,Soy Sauce,,50,,,,,2025-06-09,Monday,09June25
09:30:00,50g Oats and 100ml Light Milk and 125g  ,,237,8.9,,,,2025-06-10,Tuesday,09June25
13:45:00,6x HB Egg Whites,,102,21.6,,,,2025-06-10,Tuesday,09June25
13:45:00,50g Lentil,,61.5,5.3,,,,2025-06-10,Tuesday,09June25
17:30:00,50g LG rice,,68.5,1.5,,,,2025-06-10,Tuesday,09June25
,100g Boiled Potato,,80,2.0,,,,2025-06-10,Tuesday,09June25
,125g Brocolli ,,42.5,2.9,,,,2025-06-10,Tuesday,09June25
,150g Cabbage,,51,1.0,,,,2025-06-10,Tuesday,09June25
,300g Chicken,,500,80.0,,,,2025-06-10,Tuesday,09June25
,40g Reduced Fat Cheese,,119,11.2,,,,2025-06-10,Tuesday,09June25
,1/2 Can of Chickpeas,,149,8.6,,,,2025-06-10,Tuesday,09June25
,Soy Sauce,,50,,,,,2025-06-10,Tuesday,09June25
,50g Oats and 100ml Light Milk and 125g Greek Yoghurt 0%,,292.5,19.3,,,,2025-06-11,Wednesday,09June25
,15g Strawberries,,16,,,,,2025-06-11,Wednesday,09June25
,5x HB Egg Whites,,85,18.0,,,,2025-06-11,Wednesday,09June25
,50g Lentil,,61.5,5.3,,,,2025-06-11,Wednesday,09June25
,50g LG rice,,68.5,1.5,,,,2025-06-11,Wednesday,09June25
,100g Boiled Potato,,80,2.0,,,,2025-06-11,Wednesday,09June25
,125g Brocolli ,,42.5,2.9,,,,2025-06-11,Wednesday,09June25
,150g Cabbage,,51,1.0,,,,2025-06-11,Wednesday,09June25
,300g Chicken,,500,80.0,,,,2025-06-11,Wednesday,09June25
,40g Reduced Fat Cheese,,119,11.2,,,,2025-06-11,Wednesday,09June25
,1/2 Can of Chickpeas,,149,8.6,,,,2025-06-11,Wednesday,09June25
,Soy Sauce,,50,,,,,2025-06-11,Wednesday,09June25
,2x Grenade Bars,,466,42.0,,,,2025-06-11,Wednesday,09June25
,70g Oats and 150ml Light Milk and 200g Greek Yoghurt 0%,,389,22.86,,,,2025-06-12,Thursday,09June25
,100g Strawberries,,32,,,,,2025-06-12,Thursday,09June25
,126 Mango,,126,,,,,2025-06-12,Thursday,09June25
,"4x HB Egg Whites, 1x HB Whole Egg",,146,20.3,,,,2025-06-12,Thursday,09June25
,50g Lentil,,61.5,5.3,,,,2025-06-12,Thursday,09June25
,50g LG rice,,68.5,1.5,,,,2025-06-12,Thursday,09June25
,100g Boiled Potato,,80,2.0,,,,2025-06-12,Thursday,09June25
,125g Brocolli ,,42.5,2.9,,,,2025-06-12,Thursday,09June25
,150g Cabbage,,51,1.0,,,,2025-06-12,Thursday,09June25
,300g Chicken,,500,80.0,,,,2025-06-12,Thursday,09June25
,40g Reduced Fat Cheese,,119,11.2,,,,2025-06-12,Thursday,09June25
,1/2 Can of Chickpeas,,149,8.6,,,,2025-06-12,Thursday,09June25
,Soy Sauce,,50,,,,,2025-06-12,Thursday,09June25
,Bun,,150,,,,,2025-06-12,Thursday,09June25
,70g Oats and 150ml Light Milk and 200g Greek Yoghurt 0%,,451,29.1,,,,2025-06-13,Friday,09June25
,100g Strawberries,,32,,,,,2025-06-13,Friday,09June25
,"4x HB Egg Whites, 1x HB Whole Egg",,146,20.3,,,,2025-06-13,Friday,09June25
,50g Lentil,,61.5,5.3,,,,2025-06-13,Friday,09June25
,50g LG rice,,68.5,1.5,,,,2025-06-13,Friday,09June25
,100g Boiled Potato,,80,2.0,,,,2025-06-13,Friday,09June25
,125g Brocolli ,,42.5,2.9,,,,2025-06-13,Friday,09June25
,150g Cabbage,,51,1.0,,,,2025-06-13,Friday,09June25
,300g Chicken,,500,80.0,,,,2025-06-13,Friday,09June25
,40g Reduced Fat Cheese,,119,11.2,,,,2025-06-13,Friday,09June25
,1/2 Can of Chickpeas,,149,8.6,,,,2025-06-13,Friday,09June25
,Soy Sauce,,50,,,,,2025-06-13,Friday,09June25
,200g sweet potato,,172,3.2,,,,2025-06-13,Friday,09June25
,100g Oats,,479,13.0,,,,2025-07-03,Thursday,30JUN25
,5x Eggs HB,,390,31.0,,,,2025-07-03,Thursday,30JUN25
,Banana,,120,,,,,2025-07-03,Thursday,30JUN25
,300g Chicken,,500,60.0,,,,2025-07-03,Thursday,30JUN25
,100g Red Lentil,,360,25.0,,,,2025-07-03,Thursday,30JUN25
,100g Brown Rice,,360,7.5,,,,2025-07-03,Thursday,30JUN25
,1/2 Can Mixed Beans,,,10.0,,,,2025-07-03,Thursday,30JUN25
,Sauce,,200,,,,,2025-07-03,Thursday,30JUN25
12:20:00,Wrap,,800,40.0,,,,2025-07-04,Friday,30JUN25
,250ml Mango Loco Monster,,120,0.0,,,,2025-07-04,Friday,30JUN25
,Fulfil Bar,,220,20.0,,,,2025-07-04,Friday,30JUN25
,Schweppes Lime Mango,,79,0.0,,,,2025-07-04,Friday,30JUN25
,Kinetica Shake,,165,25.0,,,,2025-07-04,Friday,30JUN25
,Sweet Potato 600g,,900,6.0,,,,2025-07-05,Saturday,30JUN25
,SHAKE,,285,33.0,,,,2025-07-05,Saturday,30JUN25
,50g red lentil 50g rice ,,230,7.0,,,,2025-07-05,Saturday,30JUN25
,2x Salmon Darnes,,444.40000000000003,40.04,,,,2025-07-05,Saturday,30JUN25
14:00:00,2x Salmon Darnes,,444.40000000000003,40.04,,,,2025-07-06,Sunday,30JUN25
,"50g Red Lentil, 50g Brown LG rice",,350,16.0,,,,2025-07-06,Sunday,30JUN25
,Oil,,150,,,,,2025-07-06,Sunday,30JUN25
,Satay Sauce,,150,,,,,2025-07-06,Sunday,30JUN25
17:00:00,2x Shake Scoop,,224,48.0,,,,2025-07-06,Sunday,30JUN25
,500ml Whole Milk,,315,16.0,,,,2025-07-06,Sunday,30JUN25
,Bar,,166,22.5,,,,2025-07-06,Sunday,30JUN25
14:00:00,4x HB Eggs,,280,28.0,,,,2025-07-07,Monday,07JUL25
,Bar,,166,22.0,,,,2025-07-07,Monday,07JUL25
,500ml Milk,,315,16.0,,,,2025-07-07,Monday,07JUL25
,220g Salmon,,444.40000000000003,40.04,,,,2025-07-07,Monday,07JUL25
17:30:00,"100g Red Lentil, 100g Brown LG rice",,700,32.0,,,,2025-07-07,Monday,07JUL25
,Satay Sauce,,200,,,,,2025-07-07,Monday,07JUL25
,240g Pan fried Chicken breast,,430,65.0,,,,2025-07-07,Monday,07JUL25
09:45:00,"80g Oats, 150g Whole Milk, 200g Greek Yoghurt",,500,33.0,,,,2025-07-08,Tuesday,07JUL25
,Banana,,125,,,,,2025-07-08,Tuesday,07JUL25
13:30:00,5x HB Eggs,,350,35.0,,,,2025-07-08,Tuesday,07JUL25
,"50g Red Lentil, 50g Brown LG rice",,350,16.0,,,,2025-07-08,Tuesday,07JUL25
17:30:00,240g Pan fried Chicken breast,,450,65.0,,,,2025-07-08,Tuesday,07JUL25
,"50g Red Lentil, 50g Brown LG rice",,350,16.0,,,,2025-07-08,Tuesday,07JUL25
,Quark,,340,61.0,,,,2025-07-08,Tuesday,07JUL25
,"80g Oats, 150g Whole Milk, 200g Greek Yoghurt",,500,33.0,,,,2025-07-09,Wednesday,07JUL25
,5x HB Eggs,,350,35.0,,,,2025-07-09,Wednesday,07JUL25
,240g Pan fried Chicken breast,,450,65.0,,,,2025-07-09,Wednesday,07JUL25
,"50g Red Lentil, 50g Brown LG rice",,350,16.0,,,,2025-07-09,Wednesday,07JUL25
,"50g Red Lentil, 50g Brown LG rice",,350,16.0,,,,2025-07-09,Wednesday,07JUL25
10:45:00,300ml Whole Milk,,200,10.5,,,,2025-07-10,Thursday,07JUL25
,3x HB Eggs,,234,19.0,,,,2025-07-10,Thursday,07JUL25
,Banana,,125,,,,,2025-07-10,Thursday,07JUL25
,Coffee,,100,,,,,2025-07-10,Thursday,07JUL25
12:45:00,"80g Oats, 150g Whole Milk, 200g Greek Yoghurt",,500,33.0,,,,2025-07-10,Thursday,07JUL25
,2x HB Eggs,,156,13.0,,,,2025-07-10,Thursday,07JUL25
,15g Honey,,50,,,,,2025-07-10,Thursday,07JUL25
,240g Pan fried Chicken breast,,450,65.0,,,,2025-07-10,Thursday,07JUL25
,"50g Red Lentil, 50g Brown LG rice",,350,16.0,,,,2025-07-10,Thursday,07JUL25
,"50g Red Lentil, 50g Brown LG rice",,350,16.0,,,,2025-07-10,Thursday,07JUL25
,Sauce/Oil,,100,,,,,2025-07-10,Thursday,07JUL25
,pt milk,,315,17.5,,,,2025-07-11,Friday,07JUL25
,monster,,237,,,,,2025-07-11,Friday,07JUL25
,5x hb eggs,,350,35.0,,,,2025-07-11,Friday,07JUL25
,Banana,,100,,,,,2025-07-11,Friday,07JUL25
,300g Dark Meat Chicke ,,600,66.0,,,,2025-07-11,Friday,07JUL25
,"50g Red Lentil, 50g Brown LG rice",,350,16.0,,,,2025-07-11,Friday,07JUL25
,"50g Red Lentil, 50g Brown LG rice",,350,16.0,,,,2025-07-11,Friday,07JUL25
,Excess,,200,,,,,2025-07-11,Friday,07JUL25
,Bar,,166,22.5,,,,2025-07-12,Saturday,07JUL25
,400ml Protein Milk,,192,20.0,,,,2025-07-12,Saturday,07JUL25
,Shake,,114,23.0,,,,2025-07-12,Saturday,07JUL25
,Kefir,,129,15.0,,,,2025-07-12,Saturday,07JUL25
,440g Salmon,,880,80.0,,,,2025-07-16,Wednesday,14JUL25
,"50g Red Lentil, 50g Brown LG rice",,350,16.0,,,,2025-07-16,Wednesday,14JUL25
,"50g Red Lentil, 50g Brown LG rice",,350,16.0,,,,2025-07-16,Wednesday,14JUL25
,Sauce/Oil,,100,,,,,2025-07-16,Wednesday,14JUL25
,3x HB Eggs,,210,20.0,,,,2025-07-16,Wednesday,14JUL25
,Skyr,,252,40.2,,,,2025-07-16,Wednesday,14JUL25
,"80g Oats, 150g Whole Milk, 200g Greek Yoghurt",,500,33.0,,,,2025-07-17,Thursday,14JUL25
,Shake,,112,25.0,,,,2025-07-17,Thursday,14JUL25
,300g Chicken,,550,75.0,,,,2025-07-17,Thursday,14JUL25
,"50g Red Lentil, 50g Brown LG rice",,350,10.0,,,,2025-07-17,Thursday,14JUL25
,"50g Red Lentil, 50g Brown LG rice",,350,10.0,,,,2025-07-17,Thursday,14JUL25
12:10:00,"80g Oats, 150g Whole Milk, 200g Greek Yoghurt",,500,33.0,,,,2025-07-18,Friday,14JUL25
,Shake,,112,25.0,,,,2025-07-18,Friday,14JUL25
15:30:00,300g Chicken,,550,75.0,,,,2025-07-18,Friday,14JUL25
,"50g Red Lentil, 50g Brown LG rice",,350,10.0,,,,2025-07-18,Friday,14JUL25
,"50g Red Lentil, 50g Brown LG rice",,350,10.0,,,,2025-07-18,Friday,14JUL25
11:00:00,"80g Oats, 200ml Whole Milk, 125g Greek Yoghurt",,504,27.4,,,,2025-08-11,Monday,11AUG25
,Scoop,,112,25.0,,,,2025-08-11,Monday,11AUG25
,Honey,,30,,,,,2025-08-11,Monday,11AUG25
14:15:00,6x HB Eggs,,420,40.0,,,,2025-08-11,Monday,11AUG25
,200g Brocolli,,70,5.0,,,,2025-08-11,Monday,11AUG25
17:35:00,300g Mixed Chicken ,,560,80.0,,,,2025-08-11,Monday,11AUG25
,"50g Red Lentil, 50g Brown LG rice",,350,12.0,,,,2025-08-11,Monday,11AUG25
,"50g Red Lentil, 50g Brown LG rice",,350,12.0,,,,2025-08-11,Monday,11AUG25
,Breakfast,,350,14.2,,,,2025-08-12,Tuesday,11AUG25
,Shake,,224,50.0,,,,2025-08-12,Tuesday,11AUG25
,3x small pear,,175,1.0,,,,2025-08-12,Tuesday,11AUG25
,300g Mixed Chicken ,,560,80.0,,,,2025-08-12,Tuesday,11AUG25
,"50g Red Lentil, 50g Brown LG rice",,350,12.0,,,,2025-08-12,Tuesday,11AUG25
,"25g Red Lentil, 25g Brown LG rice",,175,6.0,,,,2025-08-12,Tuesday,11AUG25
,2x fried eggs,,200,13.0,,,,2025-08-12,Tuesday,11AUG25
,brocolli,,100,5.0,,,,2025-08-12,Tuesday,11AUG25
,Breakfast,,375,25.0,,,,2025-08-13,Wednesday,11AUG25
,Honey,,30,,,,,2025-08-13,Wednesday,11AUG25
,2x Green Apple,,165,,,,,2025-08-13,Wednesday,11AUG25
,5x HB eggs,,385,31.5,,,,2025-08-13,Wednesday,11AUG25
,300g Mixed Chicken ,,560,80.0,,,,2025-08-13,Wednesday,11AUG25
,"50g Red Lentil, 50g Brown LG rice",,350,12.0,,,,2025-08-13,Wednesday,11AUG25
,"50g Red Lentil, 50g Brown LG rice",,350,12.0,,,,2025-08-13,Wednesday,11AUG25
,330ml Broth,,150,25.0,,,,2025-08-13,Wednesday,11AUG25
09:30:00,"60g Oats, 150ml Whole Milk, 125g Greek Yoghurt, Mixed Berries",,410,22.0,,,,2025-08-14,Thursday,11AUG25
,Honey,,30,,,,,2025-08-14,Thursday,11AUG25
,Drink,,35,,,,,2025-08-14,Thursday,11AUG25
13:20:00,5x HB eggs,,385,31.5,,,,2025-08-14,Thursday,11AUG25
,120g Sweet Potato ,,126,,,,,2025-08-14,Thursday,11AUG25
,RICE HERE,,,,,,,2025-08-14,Thursday,11AUG25
17:30:00,300g Mixed Chicken ,,560,80.0,,,,2025-08-14,Thursday,11AUG25
,"50g Red Lentil, 50g Brown LG rice",,350,12.0,,,,2025-08-14,Thursday,11AUG25
,"50g Red Lentil, 50g Brown LG rice",,350,12.0,,,,2025-08-14,Thursday,11AUG25
21:00:00,Shake,,112,25.0,,,,2025-08-14,Thursday,11AUG25
,Orange,,80,,,,,2025-08-14,Thursday,11AUG25
23:50:00,330ml Broth,,150,25.0,,,,2025-08-14,Thursday,11AUG25
,"60g Oats, 150ml Whole Milk, 125g Greek Yoghurt, Mixed Berries",,410,22.0,,,,2025-08-15,Friday,11AUG25
,Honey,,30,,,,,2025-08-15,Friday,11AUG25
,150g Mixed Chicken ,,280,40.0,,,,2025-08-15,Friday,11AUG25
,"66g Brown Rice, Red Split Lentils",,462,15.84,,,,2025-08-15,Friday,11AUG25
,Orange,,100,,,,,2025-08-15,Friday,11AUG25
,2x Shake,,224,50.0,,,,2025-08-15,Friday,11AUG25
,Salmon,,200,19.0,,,,2025-08-15,Friday,11AUG25
,100g Salmon,,194.75,19.0,,,,2025-08-16,Saturday,11AUG25
,Large Orange,,100,,,,,2025-08-16,Saturday,11AUG25
,125g G Yoghurt and Handful of Frozen Berries,,154,16.25,,,,2025-08-16,Saturday,11AUG25
,2x Egg hard boiled,,154,12.6,,,,2025-08-16,Saturday,11AUG25
,Supermacs,,460,50.0,,,,2025-08-16,Saturday,11AUG25
,150g Mixed Chicken,,280,40.0,,,,2025-08-16,Saturday,11AUG25
,"25g Red Lentil, 25g Brown LG rice",,175,12.0,,,,2025-08-16,Saturday,11AUG25
,prot yogurt,,164,25.0,,,,2025-08-16,Saturday,11AUG25
,Dumplings,,120,6.5,,,,2025-08-16,Saturday,11AUG25
,Pie,,260,,,,,2025-08-16,Saturday,11AUG25
,Gyozas,,228,11.0,,,,2025-08-16,Saturday,11AUG25
,breakfas5,,1200,55.0,,,,2025-08-17,Sunday,11AUG25
,300g Mixed Chicken ,,560,80.0,,,,2025-08-17,Sunday,11AUG25
,"50g Red Lentil, 50g Brown LG rice",,350,12.0,,,,2025-08-17,Sunday,11AUG25
,"50g Red Lentil, 50g Brown LG rice",,350,12.0,,,,2025-08-17,Sunday,11AUG25
,300g Mixed Chicken ,,560,80.0,,,,2025-08-18,Monday,18AUG25
,"50g Red Lentil, 50g Brown LG rice",,350,12.0,,,,2025-08-18,Monday,18AUG25
,"50g Red Lentil, 50g Brown LG rice",,350,12.0,,,,2025-08-18,Monday,18AUG25
11:15:00,Banana Bread Slice,,270,,,,,2025-08-19,Tuesday,18AUG25
,Coffee,,100,,,,,2025-08-19,Tuesday,18AUG25
,1x HB Eggs,,77,6.3,,,,2025-08-19,Tuesday,18AUG25
,Apple,,100,,,,,2025-08-19,Tuesday,18AUG25
,Avonmore Protein Gold,,285,33.0,,,,2025-08-19,Tuesday,18AUG25
,300g Mixed Chicken ,,560,80.0,,,,2025-08-19,Tuesday,18AUG25
,"50g Red Lentil, 50g Brown LG rice",,350,12.0,,,,2025-08-19,Tuesday,18AUG25
,"50g Red Lentil, 50g Brown LG rice",,350,12.0,,,,2025-08-19,Tuesday,18AUG25
,2x Knorr Mug Soup,,118,2.8,,,,2025-08-19,Tuesday,18AUG25
,Greek Yoghurt and Berries,,120,11.3,,,,2025-08-19,Tuesday,18AUG25
,Banana,,100,,,,,2025-08-20,Wednesday,18AUG25
,Coffee,,100,,,,,2025-08-20,Wednesday,18AUG25
,375g 0% Greeo Yoghurt,,186,31.200000000000003,,,,2025-08-20,Wednesday,18AUG25
,Berries,,100,,,,,2025-08-20,Wednesday,18AUG25
,Banana Bread,,475,5.0,,,,2025-08-20,Wednesday,18AUG25
,300g Mixed Chicken ,,560,80.0,,,,2025-08-20,Wednesday,18AUG25
,"50g Red Lentil, 50g Brown LG rice",,350,12.0,,,,2025-08-20,Wednesday,18AUG25
,"50g Red Lentil, 50g Brown LG rice",,350,12.0,,,,2025-08-20,Wednesday,18AUG25
,"75g Oats, 255g Greek Yoghurt, 10g Honey, 150ml Light Milk",,542,40.0,,,,2025-08-21,Thursday,18AUG25
,Banana,,100,,,,,2025-08-21,Thursday,18AUG25
,3x HB Eggs,,231,18.9,,,,2025-08-21,Thursday,18AUG25
,220g Salmon,,444.40000000000003,40.04,,,,2025-08-21,Thursday,18AUG25
,300g Mixed Chicken ,,560,80.0,,,,2025-08-21,Thursday,18AUG25
,"50g Red Lentil, 50g Brown LG rice",,350,12.0,,,,2025-08-21,Thursday,18AUG25
,"50g Red Lentil, 50g Brown LG rice",,350,12.0,,,,2025-08-21,Thursday,18AUG25
,100g Brocolli,,35,2.8,,,,2025-08-21,Thursday,18AUG25
,3x HB Eggs,,231,18.9,,,,2025-08-22,Friday,18AUG25
,220g Salmon,,444.40000000000003,40.04,,,,2025-08-22,Friday,18AUG25
,Donut,,250,,,,,2025-08-22,Friday,18AUG25
,Protein Bar,,200,20.0,,,,2025-08-22,Friday,18AUG25
,240g Mixed Chicken ,,448,64.0,,,,2025-08-22,Friday,18AUG25
,3x HB Eggs,,231,18.9,,,,2025-08-23,Saturday,18AUG25
,220g Salmon,,444.40000000000003,40.04,,,,2025-08-23,Saturday,18AUG25
,Jumbo Sausage,,268,11.0,,,,2025-08-23,Saturday,18AUG25
,300g Mixed Chicken ,,280,40.0,,,,2025-08-23,Saturday,18AUG25
,3x HB Eggs,,308,25.2,,,,2025-08-24,Sunday,18AUG25
,4x HB Eggs,,308,25.2,,,,2025-08-25,Monday,25AUG25
,Coffee,,100,,,,,2025-08-25,Monday,25AUG25
,300g Mixed Chicken ,,560,80.0,,,,2025-08-25,Monday,25AUG25
,"50g Red Lentil, 50g Brown LG rice",,350,12.0,,,,2025-08-25,Monday,25AUG25
,"50g Red Lentil, 50g Brown LG rice",,350,12.0,,,,2025-08-25,Monday,25AUG25
,Brocolli,,35,2.0,,,,2025-08-25,Monday,25AUG25
,2x Shake,,224,50.0,,,,2025-08-25,Monday,25AUG25
,140ml Broth,,130,22.0,,,,2025-08-25,Monday,25AUG25
12:00:00,Banana and Honey,,200,,,,,2025-08-26,Tuesday,25AUG25
14:00:00,4x HB Eggs,,308,25.2,,,,2025-08-26,Tuesday,25AUG25
,Coffee,,100,,,,,2025-08-26,Tuesday,25AUG25
,"60g Oats, 125g Greek Yoghurt 0%, 150ml Whole Milk, 70g Frozen Berries",,425,24.3,,,,2025-08-26,Tuesday,25AUG25
17:30:00,300g Mixed Chicken ,,560,80.0,,,,2025-08-26,Tuesday,25AUG25
,"80g Brown Rice, 80g Red Lentils",,560,19.200000000000003,,,,2025-08-26,Tuesday,25AUG25
,Brocolli,,35,2.0,,,,2025-08-26,Tuesday,25AUG25
20:30:00,Shake,,112,25.0,,,,2025-08-26,Tuesday,25AUG25
23:45:00,280ml Broth,,260,44.0,,,,2025-08-26,Tuesday,25AUG25
09:15:00,Breakfast,,715,25.0,,,,2025-08-27,Wednesday,25AUG25
,Bar,,215,23.0,,,,2025-08-27,Wednesday,25AUG25
,Shake,,290,50.0,,,,2025-08-27,Wednesday,25AUG25
14:00:00,1x HB Eggs,,77,6.3,,,,2025-08-27,Wednesday,25AUG25
,300g Mixed Chicken ,,560,80.0,,,,2025-08-27,Wednesday,25AUG25
,"80g Brown Rice, 80g Red Lentils",,560,19.200000000000003,,,,2025-08-27,Wednesday,25AUG25
,Brocolli,,35,2.0,,,,2025-08-27,Wednesday,25AUG25
23:45:00,93ml Broth,,86.49000000000001,13.950000000000001,,,,2025-08-27,Wednesday,25AUG25
,"60g Oats, 125g Greek Yoghurt 0%, 150ml Whole Milk, 70g Frozen Berries",,425,24.3,,,,2025-08-28,Thursday,25AUG25
,Banana,,100,,,,,2025-08-28,Thursday,25AUG25
,4x HB Eggs,,462,37.8,,,,2025-08-28,Thursday,25AUG25
,300g Mixed Chicken ,,560,80.0,,,,2025-08-28,Thursday,25AUG25
,"80g Brown Rice, 80g Red Lentils",,560,19.200000000000003,,,,2025-08-28,Thursday,25AUG25
,Brocolli,,35,2.0,,,,2025-08-28,Thursday,25AUG25
,Shake,,,25.0,,,,2025-08-28,Thursday,25AUG25
23:45:00,93ml Broth,,86.49000000000001,13.950000000000001,,,,2025-08-28,Thursday,25AUG25
,280g Sweet Potato,,250,4.5,,,,2025-08-29,Friday,25AUG25
,"60g Oats, 125g Greek Yoghurt 0%, 150ml Whole Milk, 70g Frozen Berries",,425,24.3,,,,2025-08-29,Friday,25AUG25
,4x HB Eggs,,308,25.2,,,,2025-08-29,Friday,25AUG25
,300g Mixed Chicken ,,560,80.0,,,,2025-08-29,Friday,25AUG25
,"80g Brown Rice, 80g Red Lentils",,560,19.200000000000003,,,,2025-08-29,Friday,25AUG25
23:45:00,93ml Broth,,86.49000000000001,13.950000000000001,,,,2025-08-29,Friday,25AUG25
,Shake,,112,25.0,,,,2025-08-29,Friday,25AUG25
23:45:00,93ml Broth,,86.49000000000001,13.950000000000001,,,,2025-08-30,Saturday,25AUG25
23:45:00,93ml Broth,,86.49000000000001,13.950000000000001,,,,2025-08-31,Sunday,25AUG25
,5x HB Eggs,,385,31.5,,,,2025-09-01,Monday,01SEP25
,300g Mixed Chicken ,,560,80.0,,,,2025-09-01,Monday,01SEP25
,"80g Brown Rice, 80g Red Lentils",,560,19.200000000000003,,,,2025-09-01,Monday,01SEP25
,93ml Broth,,86.49000000000001,13.950000000000001,,,,2025-09-01,Monday,01SEP25
,Shake (2x),,224,50.0,,,,2025-09-01,Monday,01SEP25
,"60g Oats, 125g Greek Yoghurt 0%, 150ml Whole Milk, 70g Frozen Berries",,425,24.3,10.4,63.7,8.9,2025-09-02,Tuesday,01SEP25
,4x HB Eggs,,308,25.2,0.0,3.0,25.0,2025-09-02,Tuesday,01SEP25
,300g Mixed Chicken ,,560,80.0,0.0,0.0,14.0,2025-09-02,Tuesday,01SEP25
,"80g Brown Rice, 80g Red Lentils",,560,19.200000000000003,19.0,107.0,3.0,2025-09-02,Tuesday,01SEP25
,Sauce & Salad,,250,,,,,2025-09-02,Tuesday,01SEP25
,Shake,,112,25.0,,,,2025-09-02,Tuesday,01SEP25
,93ml Broth,,86.49000000000001,13.950000000000001,,,,2025-09-02,Tuesday,01SEP25
,"60g Oats, 125g Greek Yoghurt 0%, 150ml Whole Milk, 70g Frozen Berries",,491,35.6,10.4,63.7,8.9,2025-09-03,Wednesday,01SEP25
,6x HB Eggs,,462,37.8,0.0,3.0,25.0,2025-09-03,Wednesday,01SEP25
,70g Broccoli ,,25,2.3,,,,2025-09-03,Wednesday,01SEP25
,1 Bell Pepper,,50,1.5,2.0,4.6,0.3,2025-09-03,Wednesday,01SEP25
,40g Spinach,,10,1.2,2.0,6.0,0.3,2025-09-03,Wednesday,01SEP25
,140g Carrots,,55,1.2,1.0,1.4,0.1,2025-09-03,Wednesday,01SEP25
,115g Sweet Potato,,100,2.0,3.9,13.2,0.3,2025-09-03,Wednesday,01SEP25
,300g Mixed Chicken ,,560,80.0,0.0,0.0,14.0,2025-09-03,Wednesday,01SEP25
,"80g Brown Rice, 80g Red Lentils",,560,19.200000000000003,19.0,107.0,3.0,2025-09-03,Wednesday,01SEP25
,Shake,,112,23.0,,,,2025-09-03,Wednesday,01SEP25
,93ml Broth,,86.49000000000001,13.950000000000001,,,,2025-09-03,Wednesday,01SEP25
,"60g Oats, 125g Greek Yoghurt 0%, 150ml Whole Milk, 70g Frozen Berries",,493,35.6,10.4,63.7,8.9,2025-09-04,Thursday,01SEP25
,15g Chia Seeds,,64,2.9,4.9,1.3,4.2,2025-09-04,Thursday,01SEP25
,Coffee,,100,,,,,2025-09-04,Thursday,01SEP25
,6x HB Eggs,,462,37.8,0.0,3.0,25.0,2025-09-04,Thursday,01SEP25
,70g Broccoli ,,25,1.5,2.0,4.6,0.3,2025-09-04,Thursday,01SEP25
,1 Bell Pepper,,50,1.2,2.0,6.0,0.3,2025-09-04,Thursday,01SEP25
,40g Spinach,,10,1.2,1.0,1.4,0.1,2025-09-04,Thursday,01SEP25
,140g Carrots,,55,2.0,3.9,13.2,0.3,2025-09-04,Thursday,01SEP25
,115g Sweet Potato,,100,,3.6,24.0,0.2,2025-09-04,Thursday,01SEP25
,300g Mixed Chicken ,,560,80.0,0.0,0.0,14.0,2025-09-04,Thursday,01SEP25
,"80g Brown Rice, 80g Red Lentils",,560,19.200000000000003,19.0,107.0,3.0,2025-09-04,Thursday,01SEP25
,93ml Broth,,86.49000000000001,13.950000000000001,,,,2025-09-04,Thursday,01SEP25
,"60g Oats, 125g Greek Yoghurt 0%, 150ml Whole Milk, 70g Frozen Berries",,483,35.6,10.4,63.7,8.9,2025-09-05,Friday,01SEP25
,15g Chia Seeds,,64,2.9,4.9,1.3,4.2,2025-09-05,Friday,01SEP25
,70g Broccoli ,,25,2.3,2.0,4.6,0.3,2025-09-05,Friday,01SEP25
,1 Bell Pepper,,50,1.5,2.0,6.0,0.3,2025-09-05,Friday,01SEP25
,40g Spinach,,10,1.2,1.0,1.4,0.1,2025-09-05,Friday,01SEP25
,140g Carrots,,55,1.2,3.9,13.2,0.3,2025-09-05,Friday,01SEP25
,115g Sweet Potato,,100,2.0,3.6,24.0,0.2,2025-09-05,Friday,01SEP25
,300g Mixed Chicken ,,369.6,80.0,0.0,0.0,14.0,2025-09-05,Friday,01SEP25
,"80g Brown Rice, 80g Red Lentils",,369.6,19.200000000000003,19.0,107.0,3.0,2025-09-05,Friday,01SEP25
,Fulfill White Chocolate,,200,20.0,4.6,15.1,7.6,2025-09-05,Friday,01SEP25
,93ml Broth,,86.49000000000001,13.950000000000001,0.0,0.0,0.0,2025-09-05,Friday,01SEP25
,Food,,1500,50.0,,,,2025-09-06,Saturday,01SEP25
,Tea,,50,,,,,2025-09-06,Saturday,01SEP25
,Coffee,,100,,,,,2025-09-06,Saturday,01SEP25
,"90g Oats, 125g Greek Yoghurt 0%, 150ml Whole Milk, 70g Frozen Berries",,539,24.3,10.4,83.80000000000001,8.9,2025-09-07,Sunday,01SEP25
,Snacks,,655,20.0,,,,2025-09-07,Sunday,01SEP25
,Cookie,,519,,,,,2025-09-07,Sunday,01SEP25
,1 Bell Pepper,,50,1.5,2.0,6.0,0.3,2025-09-07,Sunday,01SEP25
,40g Spinach,,10,1.2,1.0,1.4,0.1,2025-09-07,Sunday,01SEP25
,200g Steak,,300,45.6,,,,2025-09-07,Sunday,01SEP25
,150g Sw Pot,,130.43478260869566,,,,,2025-09-07,Sunday,01SEP25
,120g Carrots,,47.14285714285714,,,,,2025-09-07,Sunday,01SEP25
,"90g Oats, 125g Greek Yoghurt 0%, 150ml Whole Milk, 70g Frozen Berries",,607,35.6,10.4,63.7,8.9,2025-09-08,Monday,08SEP25
,15g Chia Seeds,,64,2.9,4.9,1.3,4.2,2025-09-08,Monday,08SEP25
,Cookie,,365,,,,,2025-09-08,Monday,08SEP25
,70g Broccoli ,,25,2.3,2.0,4.6,0.3,2025-09-08,Monday,08SEP25
,1 Bell Pepper,,50,1.5,2.0,6.0,0.3,2025-09-08,Monday,08SEP25
,40g Spinach,,10,1.2,1.0,1.4,0.1,2025-09-08,Monday,08SEP25
,140g Carrots,,55,1.2,3.9,13.2,0.3,2025-09-08,Monday,08SEP25
,115g Sweet Potato,,100,2.0,3.6,24.0,0.2,2025-09-08,Monday,08SEP25
,300g Mixed Chicken ,,369.6,80.0,0.0,0.0,14.0,2025-09-08,Monday,08SEP25
,"80g Brown Rice, 80g Red Lentils",,369.6,19.200000000000003,19.0,107.0,3.0,2025-09-08,Monday,08SEP25
,Soup,,600,15.0,,,,2025-09-08,Monday,08SEP25
,2x Eggs,,154,12.6,0.0,1.2,10.0,2025-09-08,Monday,08SEP25
,Fanta,,64,,,,,2025-09-08,Monday,08SEP25
,"90g Oats, 125g Greek Yoghurt 0%, 150ml Whole Milk, 70g Frozen Berries",,607,35.6,10.4,63.7,8.9,2025-09-09,Tuesday,08SEP25
,15g Chia Seeds,,64,2.9,4.9,1.3,4.2,2025-09-09,Tuesday,08SEP25
,70g Broccoli ,,25,2.3,2.0,4.6,0.3,2025-09-09,Tuesday,08SEP25
,1 Bell Pepper,,50,1.5,2.0,6.0,0.3,2025-09-09,Tuesday,08SEP25
,40g Spinach,,10,1.2,1.0,1.4,0.1,2025-09-09,Tuesday,08SEP25
,140g Carrots,,55,1.2,3.9,13.2,0.3,2025-09-09,Tuesday,08SEP25
,115g Sweet Potato,,100,2.0,3.6,24.0,0.2,2025-09-09,Tuesday,08SEP25
,300g Mixed Chicken ,,369.6,80.0,0.0,0.0,14.0,2025-09-09,Tuesday,08SEP25
,"80g Brown Rice, 80g Red Lentils",,369.6,19.200000000000003,19.0,107.0,3.0,2025-09-09,Tuesday,08SEP25
,70g Broccoli ,,25,2.3,2.0,4.6,0.3,2025-09-11,Thursday,08SEP25
,1 Bell Pepper,,50,1.5,2.0,6.0,0.3,2025-09-11,Thursday,08SEP25
,40g Spinach,,10,1.2,1.0,1.4,0.1,2025-09-11,Thursday,08SEP25
,140g Carrots,,55,1.2,3.9,13.2,0.3,2025-09-11,Thursday,08SEP25
,300g Potato,,230,6.0,,,,2025-09-11,Thursday,08SEP25
,300g Mixed Chicken ,,550,80.0,0.0,0.0,14.0,2025-09-11,Thursday,08SEP25
,"80g Brown Rice, 80g Red Lentils",,570,19.200000000000003,19.0,107.0,3.0,2025-09-11,Thursday,08SEP25
,"90g Oats, 125g Greek Yoghurt 0%, 150ml Whole Milk, 70g Frozen Berries",,607,35.6,10.4,63.7,8.9,2025-09-12,Friday,08SEP25
,15g Chia Seeds,,64,2.9,4.9,1.3,4.2,2025-09-12,Friday,08SEP25
,Sauce,,200,,,,,2025-09-12,Friday,08SEP25
,70g Broccoli ,,25,2.3,2.0,4.6,0.3,2025-09-12,Friday,08SEP25
,40g Spinach,,10,1.2,1.0,1.4,0.1,2025-09-12,Friday,08SEP25
,300g Mixed Chicken ,,550,80.0,0.0,0.0,14.0,2025-09-12,Friday,08SEP25
,"80g Brown Rice, 80g Red Lentils",,570,19.200000000000003,19.0,107.0,3.0,2025-09-12,Friday,08SEP25
,"90g Oats, 125g Greek Yoghurt 0%, 150ml Whole Milk, 70g Frozen Berries",,607,35.6,10.4,63.7,8.9,2025-09-15,Monday,15SEP25
,15g Chia Seeds,,64,2.9,4.9,1.3,4.2,2025-09-15,Monday,15SEP25
,Cookie,,365,,,,,2025-09-15,Monday,15SEP25
,70g Broccoli ,,25,2.3,2.0,4.6,0.3,2025-09-15,Monday,15SEP25
,1 Bell Pepper,,50,1.5,2.0,6.0,0.3,2025-09-15,Monday,15SEP25
,40g Spinach,,10,1.2,1.0,1.4,0.1,2025-09-15,Monday,15SEP25
,140g Carrots,,55,1.2,3.9,13.2,0.3,2025-09-15,Monday,15SEP25
,115g Sweet Potato,,100,2.0,3.6,24.0,0.2,2025-09-15,Monday,15SEP25
,300g Mixed Chicken ,,369.6,80.0,0.0,0.0,14.0,2025-09-15,Monday,15SEP25
,"80g Brown Rice, 80g Red Lentils",,369.6,19.200000000000003,19.0,107.0,3.0,2025-09-15,Monday,15SEP25
,"90g Oats, 125g Greek Yoghurt 0%, 150ml Whole Milk, 70g Frozen Berries",,607,35.6,10.4,63.7,8.9,2025-09-16,Tuesday,15SEP25
,15g Chia Seeds,,64,2.9,4.9,1.3,4.2,2025-09-16,Tuesday,15SEP25
,70g Broccoli ,,25,2.3,2.0,4.6,0.3,2025-09-16,Tuesday,15SEP25
,1 Bell Pepper,,50,1.5,2.0,6.0,0.3,2025-09-16,Tuesday,15SEP25
,40g Spinach,,10,1.2,1.0,1.4,0.1,2025-09-16,Tuesday,15SEP25
,140g Carrots,,55,1.2,3.9,13.2,0.3,2025-09-16,Tuesday,15SEP25
,115g Sweet Potato,,100,2.0,3.6,24.0,0.2,2025-09-16,Tuesday,15SEP25
,300g Mixed Chicken ,,369.6,80.0,0.0,0.0,14.0,2025-09-16,Tuesday,15SEP25
,"80g Brown Rice, 80g Red Lentils",,369.6,19.200000000000003,19.0,107.0,3.0,2025-09-16,Tuesday,15SEP25
,COOKIE,,360,,,,,2025-09-16,Tuesday,15SEP25
,soup and sweet potato fries,,450,,,,,2025-09-16,Tuesday,15SEP25
,Banana,,150,,,,,2025-09-16,Tuesday,15SEP25
,protein bar,,200,20.0,,,,2025-09-16,Tuesday,15SEP25
,isotonic drink,,140,,,,,2025-09-16,Tuesday,15SEP25
,"90g Oats, 125g Greek Yoghurt 0%, 150ml Whole Milk, 70g Frozen Berries",,607,35.6,10.4,63.7,8.9,2025-09-17,Wednesday,15SEP25
,15g Chia Seeds,,64,2.9,4.9,1.3,4.2,2025-09-17,Wednesday,15SEP25
,70g Broccoli ,,25,2.3,2.0,4.6,0.3,2025-09-17,Wednesday,15SEP25
,1 Bell Pepper,,50,1.5,2.0,6.0,0.3,2025-09-17,Wednesday,15SEP25
,40g Spinach,,10,1.2,1.0,1.4,0.1,2025-09-17,Wednesday,15SEP25
,140g Carrots,,55,1.2,3.9,13.2,0.3,2025-09-17,Wednesday,15SEP25
,115g Sweet Potato,,100,2.0,3.6,24.0,0.2,2025-09-17,Wednesday,15SEP25
,300g Mixed Chicken ,,369.6,80.0,0.0,0.0,14.0,2025-09-17,Wednesday,15SEP25
,"80g Brown Rice, 80g Red Lentils",,369.6,19.200000000000003,19.0,107.0,3.0,2025-09-17,Wednesday,15SEP25
,2x kind bar,,536,24.0,,,,2025-09-17,Wednesday,15SEP25
,93ml Broth,,86.49000000000001,13.950000000000001,,,,2025-09-18,Thursday,15SEP25
,"90g Oats, 125g Greek Yoghurt 0%, 150ml Whole Milk, 70g Frozen Berries",,539,24.3,10.4,83.80000000000001,8.9,2025-09-21,Sunday,15SEP25
,2x Slice White Bread,,200,1.3,3.0,27.0,3.0,2025-10-07,Tuesday,06OCT25
,200ml Milk,,136,6.8,0.0,9.6,7.0,2025-10-07,Tuesday,06OCT25
,"100g Oats, 125g Greek Yoghurt 0%, 150ml Whole Milk, 50g Frozen Berries",,645,36.46666666666667,11.0,63.7,8.9,2025-10-07,Tuesday,06OCT25
,15g Chia Seeds,,64,2.9,4.9,1.3,4.2,2025-10-07,Tuesday,06OCT25
,Scoop Protein Powder,,114,23.0,0.0,1.8,1.9,2025-10-07,Tuesday,06OCT25
,Protein Pudding Milbona,,159,20.0,0.0,12.0,4.0,2025-10-07,Tuesday,06OCT25
,Kiwi,,42,0.8,2.1,10.1,0.4,2025-10-07,Tuesday,06OCT25
,Pear,,52,0.1,4.5,9.2,0.1,2025-10-07,Tuesday,06OCT25
,70g Broccoli ,,25,2.3,2.0,4.6,0.3,2025-10-07,Tuesday,06OCT25
,1 Bell Pepper,,50,1.5,2.0,6.0,0.3,2025-10-07,Tuesday,06OCT25
,40g Spinach,,10,1.2,1.0,1.4,0.1,2025-10-07,Tuesday,06OCT25
,140g Carrots,,55,1.2,3.9,13.2,0.3,2025-10-07,Tuesday,06OCT25
,115g Sweet Potato,,100,2.0,3.6,24.0,0.2,2025-10-07,Tuesday,06OCT25
,300g Mixed Chicken ,,369.6,80.0,0.0,0.0,14.0,2025-10-07,Tuesday,06OCT25
,"80g Brown Rice, 80g Red Lentils",,369.6,19.200000000000003,19.0,107.0,3.0,2025-10-07,Tuesday,06OCT25
,"100g Oats, 125g Greek Yoghurt 0%, 150ml Whole Milk, 50g Frozen Berries",,645,36.46666666666667,11.0,63.7,8.9,2025-10-13,Monday,13OCT25
,15g Chia Seeds,,64,2.9,4.9,1.3,4.2,2025-10-13,Monday,13OCT25
,Scoop Protein Powder,,114,23.0,0.0,1.8,1.9,2025-10-13,Monday,13OCT25
,15g Milled Flax Seed,,80,2.5,3.5,4.0,6.0,2025-10-13,Monday,13OCT25
,Pudding,,120,11.0,,,,2025-10-13,Monday,13OCT25
,70g Broccoli ,,25,2.3,2.0,4.6,0.3,2025-10-13,Monday,13OCT25
,1 Bell Pepper,,50,1.5,2.0,6.0,0.3,2025-10-13,Monday,13OCT25
,40g Spinach,,10,1.2,1.0,1.4,0.1,2025-10-13,Monday,13OCT25
,140g Carrots,,55,1.2,3.9,13.2,0.3,2025-10-13,Monday,13OCT25
,115g Sweet Potato,,100,2.0,3.6,24.0,0.2,2025-10-13,Monday,13OCT25
,300g Mixed Chicken ,,369.6,80.0,0.0,0.0,14.0,2025-10-13,Monday,13OCT25
,"80g Brown Rice, 80g Red Lentils",,369.6,19.200000000000003,19.0,107.0,3.0,2025-10-13,Monday,13OCT25
,"100g Oats, 125g Greek Yoghurt 0%, 150ml Whole Milk, 50g Frozen Berries",,645,36.46666666666667,11.0,63.7,8.9,2025-10-20,Monday,20OCT25
,15g Chia Seeds,,64,2.9,4.9,1.3,4.2,2025-10-20,Monday,20OCT25
,Scoop Protein Powder,,114,23.0,0.0,1.8,1.9,2025-10-20,Monday,20OCT25
,15g Milled Flax Seed,,80,2.5,3.5,4.0,6.0,2025-10-20,Monday,20OCT25
,Pudding,,120,11.0,,,,2025-10-20,Monday,20OCT25
,Bananas (2 medium),,210,2.6,6.2,54.0,0.8,2025-10-20,Monday,20OCT25
,Pear (1 medium),,101,0.6,5.5,27.0,0.2,2025-10-20,Monday,20OCT25
,70g Broccoli ,,25,2.3,2.0,4.6,0.3,2025-10-20,Monday,20OCT25
,1 Bell Pepper,,50,1.5,2.0,6.0,0.3,2025-10-20,Monday,20OCT25
,40g Spinach,,10,1.2,1.0,1.4,0.1,2025-10-20,Monday,20OCT25
,140g Carrots,,55,1.2,3.9,13.2,0.3,2025-10-20,Monday,20OCT25
,115g Sweet Potato,,100,2.0,3.6,24.0,0.2,2025-10-20,Monday,20OCT25
,300g Mixed Chicken ,,369.6,80.0,0.0,0.0,14.0,2025-10-20,Monday,20OCT25
,"80g Brown Rice, 80g Red Lentils",,369.6,19.200000000000003,19.0,107.0,3.0,2025-10-20,Monday,20OCT25
,"100g Oats, 125g Greek Yoghurt 0%, 150ml Whole Milk, 50g Frozen Berries",,645,36.46666666666667,11.0,63.7,8.9,2025-10-21,Tuesday,20OCT25
,15g Chia Seeds,,64,2.9,4.9,1.3,4.2,2025-10-21,Tuesday,20OCT25
,Scoop Protein Powder,,114,23.0,0.0,1.8,1.9,2025-10-21,Tuesday,20OCT25
,15g Milled Flax Seed,,80,2.5,3.5,4.0,6.0,2025-10-21,Tuesday,20OCT25
,70g Broccoli ,,25,2.3,2.0,4.6,0.3,2025-10-21,Tuesday,20OCT25
,1 Bell Pepper,,50,1.5,2.0,6.0,0.3,2025-10-21,Tuesday,20OCT25
,40g Spinach,,10,1.2,1.0,1.4,0.1,2025-10-21,Tuesday,20OCT25
,140g Carrots,,55,1.2,3.9,13.2,0.3,2025-10-21,Tuesday,20OCT25
,115g Sweet Potato,,100,2.0,3.6,24.0,0.2,2025-10-21,Tuesday,20OCT25
,300g Mixed Chicken ,,369.6,80.0,0.0,0.0,14.0,2025-10-21,Tuesday,20OCT25
,"80g Brown Rice, 80g Red Lentils",,369.6,19.200000000000003,19.0,107.0,3.0,2025-10-21,Tuesday,20OCT25
,"100g Oats, 125g Greek Yoghurt 0%, 150ml Whole Milk, 50g Frozen Berries",,645,36.46666666666667,11.0,63.7,8.9,2025-10-28,Tuesday,27OCT25
,15g Chia Seeds,,64,2.9,4.9,1.3,4.2,2025-10-28,Tuesday,27OCT25
,Scoop Protein Powder,,114,23.0,0.0,1.8,1.9,2025-10-28,Tuesday,27OCT25
,15g Milled Flax Seed,,80,2.5,3.5,4.0,6.0,2025-10-28,Tuesday,27OCT25
,50g Mixed Nuts,,324,11.0,3.5,5.2,27.9,2025-10-28,Tuesday,27OCT25
,300g Pineapple,,150,1.5,4.0,39.0,0.3,2025-10-28,Tuesday,27OCT25
,Scoop Protein,,114,23.0,0.0,2.0,1.8,2025-10-28,Tuesday,27OCT25
,20g Mixed Nuts,,130,4.0,1.5,4.0,11.0,2025-10-28,Tuesday,27OCT25
,Apple,,100,0.0,4.4,25.0,0.3,2025-10-28,Tuesday,27OCT25
,70g Broccoli ,,25,2.3,2.0,4.6,0.3,2025-10-28,Tuesday,27OCT25
,1 Bell Pepper,,50,1.5,2.0,6.0,0.3,2025-10-28,Tuesday,27OCT25
,40g Spinach,,10,1.2,1.0,1.4,0.1,2025-10-28,Tuesday,27OCT25
,140g Carrots,,55,1.2,3.9,13.2,0.3,2025-10-28,Tuesday,27OCT25
,115g Sweet Potato,,100,2.0,3.6,24.0,0.2,2025-10-28,Tuesday,27OCT25
,300g Mixed Chicken ,,369.6,80.0,0.0,0.0,14.0,2025-10-28,Tuesday,27OCT25
,"80g Brown Rice, 80g Red Lentils",,369.6,19.200000000000003,19.0,107.0,3.0,2025-10-28,Tuesday,27OCT25
,"100g Oats, 125g Greek Yoghurt 0%, 150ml Whole Milk, 50g Frozen Berries",,645,36.46666666666667,11.0,63.7,8.9,2025-10-29,Wednesday,27OCT25
,15g Chia Seeds,,64,2.9,4.9,1.3,4.2,2025-10-29,Wednesday,27OCT25
,Scoop Protein Powder,,114,23.0,0.0,1.8,1.9,2025-10-29,Wednesday,27OCT25
,15g Milled Flax Seed,,80,2.5,3.5,4.0,6.0,2025-10-29,Wednesday,27OCT25
,50g Mixed Nuts,,324,11.0,3.5,5.2,27.9,2025-10-29,Wednesday,27OCT25
,White bread (4 slices),,320,12.0,4.0,56.0,4.0,2025-10-29,Wednesday,27OCT25
,"Butter (for 2 slices, ~10g total)",,72,0.0,0.0,0.0,8.0,2025-10-29,Wednesday,27OCT25
,Chicken leg meat (50g),,109,9.0,0.0,0.0,8.0,2025-10-29,Wednesday,27OCT25
,Olive oil (30ml),,265,0.0,0.0,0.0,30.0,2025-10-29,Wednesday,27OCT25
,Sugar-free jelly pot (1),,10,1.0,0.0,0.0,0.0,2025-10-29,Wednesday,27OCT25
,70g Broccoli ,,25,2.3,2.0,4.6,0.3,2025-10-29,Wednesday,27OCT25
,1 Bell Pepper,,50,1.5,2.0,6.0,0.3,2025-10-29,Wednesday,27OCT25
,40g Spinach,,10,1.2,1.0,1.4,0.1,2025-10-29,Wednesday,27OCT25
,140g Carrots,,55,1.2,3.9,13.2,0.3,2025-10-29,Wednesday,27OCT25
,115g Sweet Potato,,100,2.0,3.6,24.0,0.2,2025-10-29,Wednesday,27OCT25
,300g Mixed Chicken ,,369.6,80.0,0.0,0.0,14.0,2025-10-29,Wednesday,27OCT25
,"80g Brown Rice, 80g Red Lentils",,369.6,19.200000000000003,19.0,107.0,3.0,2025-10-29,Wednesday,27OCT25
,sushi,,678,30.0,,98.0,19.4,2025-10-31,Friday,27OCT25
,bar ,,232,21.0,0.9,20.0,10.0,2025-10-31,Friday,27OCT25
,chicken bites,,154,16.2,,3.0,8.5,2025-10-31,Friday,27OCT25
, cheese twist and 2x goujons,,650,32.0,1.0,45.0,40.0,2025-10-31,Friday,27OCT25
,70g Broccoli ,,25,2.3,2.0,4.6,0.3,2025-10-31,Friday,27OCT25
,1 Bell Pepper,,50,1.5,2.0,6.0,0.3,2025-10-31,Friday,27OCT25
,40g Spinach,,10,1.2,1.0,1.4,0.1,2025-10-31,Friday,27OCT25
,140g Carrots,,55,1.2,3.9,13.2,0.3,2025-10-31,Friday,27OCT25
,115g Sweet Potato,,100,2.0,3.6,24.0,0.2,2025-10-31,Friday,27OCT25
,300g Mixed Chicken ,,369.6,80.0,0.0,0.0,14.0,2025-10-31,Friday,27OCT25
,"80g Brown Rice, 80g Red Lentils",,369.6,19.200000000000003,19.0,107.0,3.0,2025-10-31,Friday,27OCT25
,"90g Oats, 125g Greek Yoghurt 0%, 150ml Whole Milk, 70g Frozen Berries",,607,35.6,10.4,63.7,8.9,2025-11-03,Monday,03NOV25
,15g Chia Seeds,,64,2.9,4.9,1.3,4.2,2025-11-03,Monday,03NOV25
,Cookie,,365,,,,,2025-11-03,Monday,03NOV25
,70g Broccoli ,,25,2.3,2.0,4.6,0.3,2025-11-03,Monday,03NOV25
,1 Bell Pepper,,50,1.5,2.0,6.0,0.3,2025-11-03,Monday,03NOV25
,40g Spinach,,10,1.2,1.0,1.4,0.1,2025-11-03,Monday,03NOV25
,140g Carrots,,55,1.2,3.9,13.2,0.3,2025-11-03,Monday,03NOV25
,115g Sweet Potato,,100,2.0,3.6,24.0,0.2,2025-11-03,Monday,03NOV25
,300g Mixed Chicken ,,369.6,80.0,0.0,0.0,14.0,2025-11-03,Monday,03NOV25
,"80g Brown Rice, 80g Red Lentils",,369.6,19.200000000000003,19.0,107.0,3.0,2025-11-03,Monday,03NOV25
,93ml Broth,,86.49000000000001,13.950000000000001,,,,2025-11-06,Thursday,03NOV25
,"90g Oats, 125g Greek Yoghurt 0%, 150ml Whole Milk, 70g Frozen Berries",,539,24.3,10.4,83.80000000000001,8.9,2025-11-08,Saturday,03NOV25
,15g Chia Seeds,,64,2.9,4.9,1.3,4.2,2025-11-08,Saturday,03NOV25
,15g Milled Flaxseed,,80,3.0,4.0,1.0,6.5,2025-11-08,Saturday,03NOV25
,Scoop Protein Powder,,114,22.0,0.0,2.2,1.9,2025-11-08,Saturday,03NOV25
,300g Mixed Chicken ,,369.6,80.0,0.0,0.0,14.0,2025-11-08,Saturday,03NOV25
,250g Pilau Rice (Microwaveable),,370,8.0,2.2,77.0,4.6,2025-11-08,Saturday,03NOV25
,300g Country Vegetables (Frozen),,114,7.5,12.6,12.6,2.1,2025-11-08,Saturday,03NOV25
,"90g Oats, 125g Greek Yoghurt 0%, 150ml Whole Milk, 70g Frozen Berries",,539,24.3,10.4,83.80000000000001,8.9,2025-11-09,Sunday,03NOV25
,15g Chia Seeds,,64,2.9,4.9,1.3,4.2,2025-11-09,Sunday,03NOV25
,Scoop Protein Powder,,114,23.0,0.0,1.8,1.9,2025-11-09,Sunday,03NOV25
,15g Milled Flax Seed,,80,2.5,3.5,4.0,6.0,2025-11-09,Sunday,03NOV25
,2x clear whey,,176,40.0,0.0,0.0,0.0,2025-11-09,Sunday,03NOV25
,4x fried eggs,,280,24.0,0.0,1.2,20.0,2025-11-09,Sunday,03NOV25
,1 /2tbsp olive oil,,67.5,0.0,0.0,0.0,7.5,2025-11-09,Sunday,03NOV25
,250g Mixed Chicken ,,400,57.0,0.0,0.0,14.0,2025-11-09,Sunday,03NOV25
,250g Pilau Rice (Microwaveable),,370,8.0,2.2,77.0,4.6,2025-11-09,Sunday,03NOV25
,300g Country Vegetables (Frozen),,114,7.5,12.6,12.6,2.1,2025-11-09,Sunday,03NOV25
,Oats,90.0,379.79999999999995,7.829999999999999,10.440000000000001,40.230000000000004,3.6,2025-11-10,Monday,10NOV25
,Greek Yoghurt 0%,125.0,63.75,22.625,0.0,4.0,0.0,2025-11-10,Monday,10NOV25
,Whole Milk,155.0,94.55,4.805,0.0,7.44,4.96,2025-11-10,Monday,10NOV25
,Frozen Berries,70.0,35,0.42,4.97,11.97,0.28,2025-11-10,Monday,10NOV25
,Milled Flaxseed,15.0,79.95,3.0,4.005,1.0050000000000001,6.495,2025-11-10,Monday,10NOV25
,Chia Seeds,15.0,64.05,2.895,4.905,1.305,4.2,2025-11-10,Monday,10NOV25
,Protein Powder,25.0,113.99999999999999,22.0,0.0,2.1999999999999997,1.9,2025-11-10,Monday,10NOV25
,Kiwi,,0,0.0,0.0,0.0,0.0,2025-11-10,Monday,10NOV25
,Kiwi,,0,0.0,0.0,0.0,0.0,2025-11-10,Monday,10NOV25
,Mini Croissant,1.0,120,2.2,0.4,13.0,6.5,2025-11-10,Monday,10NOV25
,Oats,80.0,337.59999999999997,6.959999999999999,9.280000000000001,35.76,3.2,2025-11-11,Tuesday,10NOV25
,Greek Yoghurt 0%,130.0,66.3,23.529999999999998,0.0,4.16,0.0,2025-11-11,Tuesday,10NOV25
,Whole Milk,155.0,94.55,4.805,0.0,7.44,4.96,2025-11-11,Tuesday,10NOV25
,Frozen Berries,70.0,35,0.42,4.97,11.97,0.28,2025-11-11,Tuesday,10NOV25
,Milled Flaxseed,15.0,79.95,3.0,4.005,1.0050000000000001,6.495,2025-11-11,Tuesday,10NOV25
,Chia Seeds,15.0,64.05,2.895,4.905,1.305,4.2,2025-11-11,Tuesday,10NOV25
,Protein Powder,25.0,113.99999999999999,22.0,0.0,2.1999999999999997,1.9,2025-11-11,Tuesday,10NOV25
,Kiwi,2.0,92,1.8,3.2,21.6,0.6,2025-11-11,Tuesday,10NOV25
,Mixed Chicken,250.0,400,57.0,0.0,0.0,14.0,2025-11-11,Tuesday,10NOV25
,Frozen Country Veg,300.0,144,9.3,9.9,15.9,2.6999999999999997,2025-11-11,Tuesday,10NOV25
,Red Pepper,1.0,37,1.2,2.5,7.0,0.3,2025-11-11,Tuesday,10NOV25
,Brown Rice,80.0,184.8,2.08,1.12,65.6,1.04,2025-11-11,Tuesday,10NOV25
,Red Lentils,80.0,104,7.52,8.48,41.6,0.48,2025-11-11,Tuesday,10NOV25
,Satay Sauce,0.5,210,6.0,2.0,12.0,16.0,2025-11-11,Tuesday,10NOV25
,Mini Croissant,1.0,120,2.2,0.4,13.0,6.5,2025-11-11,Tuesday,10NOV25
,Lidl Katsu Curry (300g),1.0,402,21.299999999999997,5.699999999999999,40.2,15.899999999999999,2025-11-12,Wednesday,10NOV25
,Milbona Quark Pouch (200g),1.0,200,25.0,0.0,23.6,0.6,2025-11-12,Wednesday,10NOV25
,Lidl Vanilla Crunch Protein Yoghurt (180g),1.0,288,26.0,4.7,34.7,4.0,2025-11-12,Wednesday,10NOV25
,Mixed Chicken,250.0,400,57.0,0.0,0.0,14.0,2025-11-12,Wednesday,10NOV25
,Frozen Country Veg,300.0,144,9.3,9.9,15.9,2.6999999999999997,2025-11-12,Wednesday,10NOV25
,Red Pepper,1.0,37,1.2,2.5,7.0,0.3,2025-11-12,Wednesday,10NOV25
,Brown Rice,80.0,184.8,2.08,1.12,65.6,1.04,2025-11-12,Wednesday,10NOV25
,Red Lentils,80.0,104,7.52,8.48,41.6,0.48,2025-11-12,Wednesday,10NOV25
,Satay Sauce,0.5,210,6.0,2.0,12.0,16.0,2025-11-12,Wednesday,10NOV25
,Deli Wrap (Whole Chicken),1.0,625,60.0,3.0,50.0,19.0,2025-11-17,Monday,17NOV25
,Iced Matcha ,1.0,140,3.0,0.0,25.0,3.0,2025-11-17,Monday,17NOV25
,Kiwi,1.0,46,0.9,1.6,10.8,0.3,2025-11-17,Monday,17NOV25
,Green Apple,1.0,95,0.0,4.0,25.0,0.0,2025-11-17,Monday,17NOV25
,White Wrap,3.0,540,18.0,,84.0,12.0,2025-11-17,Monday,17NOV25
,Frozen Country Veg,300.0,144,9.3,9.9,15.9,2.6999999999999997,2025-11-17,Monday,17NOV25
,Mixed Chicken,250.0,400,57.0,0.0,0.0,14.0,2025-11-17,Monday,17NOV25
,Brown Rice,75.0,173.25,1.95,1.05,61.49999999999999,0.975,2025-11-17,Monday,17NOV25
,Red Lentils,75.0,97.5,7.05,7.95,39.0,0.45,2025-11-17,Monday,17NOV25
,Mozzarella,75.0,225,18.75,0.0,0.0,15.0,2025-11-17,Monday,17NOV25
,Clear Whey,1.0,88,20.0,0.0,0.0,0.0,2025-11-17,Monday,17NOV25
,Whole Milk,550.0,335.5,17.05,0.0,26.400000000000002,17.6,2025-11-18,Tuesday,17NOV25
,Oats,70.0,295.4,6.09,8.120000000000001,31.29,2.8000000000000003,2025-11-18,Tuesday,17NOV25
,Greek Yoghurt 0%,200.0,102,36.199999999999996,0.0,6.4,0.0,2025-11-18,Tuesday,17NOV25
,Whole Milk,160.0,97.6,4.96,0.0,7.68,5.12,2025-11-18,Tuesday,17NOV25
,Protein Powder,25.0,113.99999999999999,22.0,0.0,2.1999999999999997,1.9,2025-11-18,Tuesday,17NOV25
,Frozen Berries,70.0,35,0.42,4.97,11.97,0.28,2025-11-18,Tuesday,17NOV25
,Chia Seeds,20.0,85.39999999999999,3.8600000000000003,6.54,1.7399999999999998,5.6000000000000005,2025-11-18,Tuesday,17NOV25
,Green Apple,1.0,95,0.0,4.0,25.0,0.0,2025-11-18,Tuesday,17NOV25
,Kiwi,1.0,46,0.9,1.6,10.8,0.3,2025-11-18,Tuesday,17NOV25
,Clear Whey,1.0,88,20.0,0.0,0.0,0.0,2025-11-18,Tuesday,17NOV25
,Fried Egg (no oil),7.0,630,44.1,0.0,2.1,49.0,2025-11-18,Tuesday,17NOV25
,Lidl Newgate Beef and Tomato Soup,3.0,225,4.5,3.9000000000000004,39.0,5.4,2025-11-18,Tuesday,17NOV25
,Mixed Chicken,175.0,280,39.9,0.0,0.0,9.8,2025-11-18,Tuesday,17NOV25
,Brown Rice,50.0,115.5,1.3,0.7000000000000001,41.0,0.65,2025-11-18,Tuesday,17NOV25
,Red Lentils,50.0,65,4.7,5.3,26.0,0.3,2025-11-18,Tuesday,17NOV25
,Bramwell Noodle Box,1.0,397,7.5,4.2,53.4,16.1,2025-11-19,Wednesday,17NOV25
,Fried Egg (no oil),3.0,270,18.9,0.0,0.8999999999999999,21.0,2025-11-19,Wednesday,17NOV25
,Olive Oil (1 tbsp),2.0,238,0.0,0.0,0.0,27.0,2025-11-19,Wednesday,17NOV25
,Green Apple,1.0,95,0.0,4.0,25.0,0.0,2025-11-19,Wednesday,17NOV25
,Clear Whey,1.0,88,20.0,0.0,0.0,0.0,2025-11-19,Wednesday,17NOV25
,Chicken Breast (Pan Fried),200.0,360,60.0,0.0,0.0,10.0,2025-11-19,Wednesday,17NOV25
,Brown Rice,75.0,173.25,1.95,1.05,61.49999999999999,0.975,2025-11-19,Wednesday,17NOV25
,Red Lentils,75.0,97.5,7.05,7.95,39.0,0.45,2025-11-19,Wednesday,17NOV25
,Greek Yoghurt 0%,250.0,127.5,45.25,0.0,8.0,0.0,2025-11-20,Thursday,17NOV25
,Oats,70.0,295.4,6.09,8.120000000000001,31.29,2.8000000000000003,2025-11-20,Thursday,17NOV25
,Whole Milk,150.0,91.5,4.65,0.0,7.2,4.8,2025-11-20,Thursday,17NOV25
,Chia Seeds,30.0,128.1,5.79,9.81,2.61,8.4,2025-11-20,Thursday,17NOV25
,Protein Powder,25.0,113.99999999999999,22.0,0.0,2.1999999999999997,1.9,2025-11-20,Thursday,17NOV25
,Chicken Breast (Pan Fried),180.0,324,54.0,0.0,0.0,9.0,2025-11-20,Thursday,17NOV25
,Olive Oil (1 tbsp),1.0,119,0.0,0.0,0.0,13.5,2025-11-20,Thursday,17NOV25
,Red Pepper,1.0,37,1.2,2.5,7.0,0.3,2025-11-20,Thursday,17NOV25
,Brown Rice,75.0,173.25,1.95,1.05,61.49999999999999,0.975,2025-11-20,Thursday,17NOV25
,Red Lentils,75.0,97.5,7.05,7.95,39.0,0.45,2025-11-20,Thursday,17NOV25
,Walnuts,20.0,130.8,3.0,0.0,2.8000000000000003,13.0,2025-11-20,Thursday,17NOV25
,Lidl Foccacia Bread 85g,1.0,233,7.1,0.0,39.8,4.2,2025-11-20,Thursday,17NOV25
,Quark Bar,1.0,151,7.6,0.0,9.0,8.5,2025-11-20,Thursday,17NOV25
,Lidl Cheese Twist,1.0,291,15.0,0.0,25.7,18.9,2025-11-20,Thursday,17NOV25
,"Bagel (4x slice turkey, buttered)",1.0,219,12.0,0.0,30.0,5.0,2025-11-21,Friday,17NOV25
,Lidl Milbona High-Protein Pudding 200g,1.0,160,20.0,0.0,10.0,3.5,2025-11-21,Friday,17NOV25
,Handful Tortilla Chips,2.0,400,4.0,3.0,36.0,16.0,2025-11-21,Friday,17NOV25
,Whole Milk,550.0,335.5,17.05,0.0,26.400000000000002,17.6,2025-11-21,Friday,17NOV25
,Deli Wrap (Whole Chicken),1.0,625,60.0,3.0,50.0,19.0,2025-11-21,Friday,17NOV25
,Padding,2.0,200,10.0,0.0,0.0,0.0,2025-11-21,Friday,17NOV25
,Protein Bar,,0,0.0,0.0,0.0,0.0,2025-11-21,Friday,17NOV25
,Protein Powder,25.0,113.99999999999999,22.0,0.0,2.1999999999999997,1.9,2025-11-22,Saturday,17NOV25
,Oats,80.0,337.59999999999997,6.959999999999999,9.280000000000001,35.76,3.2,2025-11-22,Saturday,17NOV25
,Whole Milk,155.0,94.55,4.805,0.0,7.44,4.96,2025-11-22,Saturday,17NOV25
,Greek Yoghurt 0%,175.0,89.25,31.675,0.0,5.6000000000000005,0.0,2025-11-22,Saturday,17NOV25
,Milled Flaxseed,15.0,79.95,3.0,4.005,1.0050000000000001,6.495,2025-11-22,Saturday,17NOV25
,Chia Seeds,35.0,149.45,6.755,11.445,3.045,9.8,2025-11-22,Saturday,17NOV25
,Fried Egg (no oil),3.0,270,18.9,0.0,0.8999999999999999,21.0,2025-11-22,Saturday,17NOV25
,Milbona Skyr yogurt,1.0,252,40.2,0.0,20.4,0.8999999999999999,2025-11-22,Saturday,17NOV25
,Microwaveable Rice 250g packet,1.0,378,8.6,5.6,70.0,0.0,2025-11-22,Saturday,17NOV25
,Mixed Chicken,250.0,400,57.0,0.0,0.0,14.0,2025-11-22,Saturday,17NOV25
,Mixed Vegetables,25.0,15.25,0.8500000000000001,1.075,1.7999999999999998,0.27499999999999997,2025-11-22,Saturday,17NOV25
,Oats,60.0,253.2,5.22,6.96,26.82,2.4,2025-11-23,Sunday,17NOV25
,Greek Yoghurt 0%,200.0,102,36.199999999999996,0.0,6.4,0.0,2025-11-23,Sunday,17NOV25
,Whole Milk,160.0,97.6,4.96,0.0,7.68,5.12,2025-11-23,Sunday,17NOV25
,Milled Flaxseed,15.0,79.95,3.0,4.005,1.0050000000000001,6.495,2025-11-23,Sunday,17NOV25
,Chia Seeds,30.0,128.1,5.79,9.81,2.61,8.4,2025-11-23,Sunday,17NOV25
,Protein Powder,25.0,113.99999999999999,22.0,0.0,2.1999999999999997,1.9,2025-11-23,Sunday,17NOV25
,Walnuts,30.0,196.2,4.5,0.0,4.2,19.5,2025-11-23,Sunday,17NOV25
,Fried Egg (no oil),3.0,270,18.9,0.0,0.8999999999999999,21.0,2025-11-23,Sunday,17NOV25
,Curry Sauce Portion (120g),1.0,150,2.0,1.0,13.0,5.0,2025-11-23,Sunday,17NOV25
,Mixed Chicken,250.0,400,57.0,0.0,0.0,14.0,2025-11-23,Sunday,17NOV25
,Microwaveable Rice 250g packet,1.0,378,8.6,5.6,70.0,0.0,2025-11-23,Sunday,17NOV25
,Mixed Vegetables,250.0,152.5,8.5,10.75,18.0,2.75,2025-11-23,Sunday,17NOV25
,Oats,80.0,337.59999999999997,6.959999999999999,9.280000000000001,35.76,3.2,2025-11-24,Monday,24NOV25
,Greek Yoghurt 0%,160.0,81.6,28.96,0.0,5.12,0.0,2025-11-24,Monday,24NOV25
,Whole Milk,155.0,94.55,4.805,0.0,7.44,4.96,2025-11-24,Monday,24NOV25
,Chia Seeds,30.0,128.1,5.79,9.81,2.61,8.4,2025-11-24,Monday,24NOV25
,Milled Flaxseed,15.0,79.95,3.0,4.005,1.0050000000000001,6.495,2025-11-24,Monday,24NOV25
,Protein Powder,25.0,113.99999999999999,22.0,0.0,2.1999999999999997,1.9,2025-11-24,Monday,24NOV25
,Walnuts,30.0,196.2,4.5,0.0,4.2,19.5,2025-11-24,Monday,24NOV25
,Green Apple,1.0,95,0.0,4.0,25.0,0.0,2025-11-24,Monday,24NOV25
,ATU Cookie,1.0,410,5.0,2.0,55.0,18.0,2025-11-24,Monday,24NOV25
,Clear Whey,1.0,88,20.0,,0.0,0.0,2025-11-24,Monday,24NOV25
,Grenade Protein Bar (Oreo),2.0,464,42.0,1.8,0.0,0.0,2025-11-24,Monday,24NOV25
,Oats,80.0,337.59999999999997,6.959999999999999,9.280000000000001,35.76,3.2,2025-11-25,Tuesday,24NOV25
,Greek Yoghurt 0%,160.0,81.6,28.96,0.0,5.12,0.0,2025-11-25,Tuesday,24NOV25
,Whole Milk,155.0,94.55,4.805,0.0,7.44,4.96,2025-11-25,Tuesday,24NOV25
,Chia Seeds,19.0,81.13,3.6670000000000003,6.213,1.6529999999999998,5.32,2025-11-25,Tuesday,24NOV25
,Milled Flaxseed,30.0,159.9,6.0,8.01,2.0100000000000002,12.99,2025-11-25,Tuesday,24NOV25
,Protein Powder,25.0,113.99999999999999,22.0,0.0,2.1999999999999997,1.9,2025-11-25,Tuesday,24NOV25
,Fried Egg (no oil),2.0,180,12.6,0.0,0.6,14.0,2025-11-25,Tuesday,24NOV25
,Grenade Protein Bar (Oreo),1.0,232,21.0,0.9,20.0,10.0,2025-11-25,Tuesday,24NOV25
,Mixed Chicken,250.0,400,57.0,0.0,0.0,14.0,2025-11-25,Tuesday,24NOV25
,Microwaveable Rice 250g packet,,0,0.0,0.0,0.0,0.0,2025-11-25,Tuesday,24NOV25
,Mixed Vegetables,250.0,152.5,8.5,10.75,18.0,2.75,2025-11-25,Tuesday,24NOV25
,Clear Whey,1.0,88,20.0,0.0,0.0,0.0,2025-11-25,Tuesday,24NOV25
,Padding,4.0,400,0.0,0.0,0.0,0.0,2025-11-25,Tuesday,24NOV25
,Oats,80.0,337.59999999999997,6.959999999999999,9.280000000000001,35.76,3.2,2025-11-26,Wednesday,24NOV25
,Greek Yoghurt 0%,160.0,81.6,28.96,0.0,5.12,0.0,2025-11-26,Wednesday,24NOV25
,Whole Milk,155.0,94.55,4.805,0.0,7.44,4.96,2025-11-26,Wednesday,24NOV25
,Chia Seeds,30.0,128.1,5.79,9.81,2.61,8.4,2025-11-26,Wednesday,24NOV25
,Milled Flaxseed,15.0,79.95,3.0,4.005,1.0050000000000001,6.495,2025-11-26,Wednesday,24NOV25
,Protein Powder,25.0,113.99999999999999,22.0,0.0,2.1999999999999997,1.9,2025-11-26,Wednesday,24NOV25
,Fried Egg (no oil),5.0,450,31.5,0.0,1.5,35.0,2025-11-26,Wednesday,24NOV25
,Grenade Protein Bar (Oreo),2.0,464,42.0,0.0,0.0,0.0,2025-11-26,Wednesday,24NOV25
,Mixed Chicken,150.0,240,34.2,0.0,0.0,8.4,2025-11-26,Wednesday,24NOV25
,Mixed Vegetables,125.0,76.25,4.25,5.375,9.0,1.375,2025-11-26,Wednesday,24NOV25
,Microwaveable Rice 250g packet,0.5,189,4.3,2.8,35.0,0.0,2025-11-26,Wednesday,24NOV25
,Oats,90.0,379.79999999999995,7.829999999999999,10.440000000000001,40.230000000000004,3.6,2025-11-27,Thursday,24NOV25
,Greek Yoghurt 0%,150.0,76.5,27.15,0.0,4.8,0.0,2025-11-27,Thursday,24NOV25
,Whole Milk,155.0,94.55,4.805,0.0,7.44,4.96,2025-11-27,Thursday,24NOV25
,Protein Powder,30.0,136.79999999999998,26.4,0.0,2.6399999999999997,2.28,2025-11-27,Thursday,24NOV25
,Deli Wrap (Whole Chicken),1.0,625,60.0,3.0,50.0,19.0,2025-11-27,Thursday,24NOV25
,Iced Matcha ,1.5,210,4.5,0.0,37.5,4.5,2025-11-27,Thursday,24NOV25
,Walnuts,30.0,196.2,4.5,0.0,4.2,19.5,2025-11-27,Thursday,24NOV25
,Mixed Chicken,250.0,400,57.0,0.0,0.0,14.0,2025-11-27,Thursday,24NOV25
,Mixed Vegetables,250.0,152.5,8.5,10.75,18.0,2.75,2025-11-27,Thursday,24NOV25
,Microwaveable Rice 250g packet,1.0,378,8.6,5.6,70.0,0.0,2025-11-27,Thursday,24NOV25
,Oats,60.0,253.2,5.22,6.96,26.82,2.4,2025-11-29,Saturday,24NOV25
,Greek Yoghurt 0%,150.0,76.5,27.15,0.0,4.8,0.0,2025-11-29,Saturday,24NOV25
,Protein Powder,25.0,113.99999999999999,22.0,0.0,2.1999999999999997,1.9,2025-11-29,Saturday,24NOV25
,Whole Milk,500.0,305,15.5,0.0,24.0,16.0,2025-11-29,Saturday,24NOV25
,Chia Seeds,30.0,128.1,5.79,9.81,2.61,8.4,2025-11-29,Saturday,24NOV25
,Milled Flaxseed,15.0,79.95,3.0,4.005,1.0050000000000001,6.495,2025-11-29,Saturday,24NOV25
,Frozen Berries,70.0,35,0.42,4.97,11.97,0.28,2025-11-29,Saturday,24NOV25
,Padding,1.0,100,0.0,0.0,0.0,0.0,2025-11-29,Saturday,24NOV25
,Grenade Protein Bar (Oreo),1.0,0,0.0,0.0,0.0,0.0,2025-11-29,Saturday,24NOV25
,Clear Whey,2.0,176,40.0,0.0,0.0,0.0,2025-11-29,Saturday,24NOV25
,Fried Egg (no oil),1.0,90,6.3,0.0,0.3,7.0,2025-11-29,Saturday,24NOV25
,Salmon Darne (100g),2.2,444.40000000000003,40.04,0.0,0.0,29.260000000000005,2025-11-29,Saturday,24NOV25
,Microwaveable Rice 250g packet,0.75,283.5,6.449999999999999,4.199999999999999,52.5,0.0,2025-11-29,Saturday,24NOV25
,Red Pepper,0.5,18.5,0.6,1.25,3.5,0.15,2025-11-29,Saturday,24NOV25
,Mixed Vegetables,250.0,152.5,8.5,10.75,18.0,2.75,2025-11-29,Saturday,24NOV25
,Oats,60.0,253.2,5.22,6.96,26.82,2.4,2025-11-30,Sunday,24NOV25
,Greek Yoghurt 0%,150.0,76.5,27.15,0.0,4.8,0.0,2025-11-30,Sunday,24NOV25
,Protein Powder,25.0,113.99999999999999,22.0,0.0,2.1999999999999997,1.9,2025-11-30,Sunday,24NOV25
,Whole Milk,155.0,94.55,4.805,0.0,7.44,4.96,2025-11-30,Sunday,24NOV25
,Chia Seeds,30.0,128.1,5.79,9.81,2.61,8.4,2025-11-30,Sunday,24NOV25
,Milled Flaxseed,15.0,79.95,3.0,4.005,1.0050000000000001,6.495,2025-11-30,Sunday,24NOV25
,Frozen Berries,70.0,35,0.42,4.97,11.97,0.28,2025-11-30,Sunday,24NOV25
,Striploin Steak (100g),2.0,400,42.0,0.0,0.0,26.0,2025-11-30,Sunday,24NOV25
,Microwaveable Rice 250g packet,1.0,378,8.6,5.6,70.0,0.0,2025-11-30,Sunday,24NOV25
,Red Pepper,0.5,18.5,0.6,1.25,3.5,0.15,2025-11-30,Sunday,24NOV25
,Mixed Vegetables,250.0,152.5,8.5,10.75,18.0,2.75,2025-11-30,Sunday,24NOV25
,Chicken Slice Pastry,1.0,600,20.0,3.0,44.0,38.0,2025-12-01,Monday,01DEC25
,Oats,70.0,295.4,6.09,8.120000000000001,31.29,2.8000000000000003,2025-12-01,Monday,01DEC25
,Greek Yoghurt 0%,150.0,76.5,27.15,0.0,4.8,0.0,2025-12-01,Monday,01DEC25
,Whole Milk,155.0,94.55,4.805,0.0,7.44,4.96,2025-12-01,Monday,01DEC25
,Chia Seeds,30.0,128.1,5.79,9.81,2.61,8.4,2025-12-01,Monday,01DEC25
,Milled Flaxseed,15.0,79.95,3.0,4.005,1.0050000000000001,6.495,2025-12-01,Monday,01DEC25
,Protein Powder,25.0,113.99999999999999,22.0,0.0,2.1999999999999997,1.9,2025-12-01,Monday,01DEC25
,Iced Matcha ,1.0,140,3.0,0.0,25.0,3.0,2025-12-01,Monday,01DEC25
,Lidl 330ml High Protein Drink,1.0,195,34.98,0.0,17.49,0.6,2025-12-01,Monday,01DEC25
,Mixed Chicken,250.0,400,57.0,,0.0,14.0,2025-12-01,Monday,01DEC25
,Mixed Vegetables,250.0,152.5,8.5,10.75,18.0,2.75,2025-12-01,Monday,01DEC25
,Red Pepper,0.5,18.5,0.6,1.25,3.5,0.15,2025-12-01,Monday,01DEC25
,Microwaveable Rice 250g packet,1.0,378,8.6,5.6,70.0,0.0,2025-12-01,Monday,01DEC25
,Lidl 330ml High Protein Drink,1.0,195,34.98,0.0,17.49,0.6,2025-12-04,Thursday,01DEC25
,Mixed Vegetables,,0,0.0,0.0,0.0,0.0,2025-12-04,Thursday,01DEC25
,Salmon Darne,2.2,0,0.0,0.0,0.0,0.0,2025-12-04,Thursday,01DEC25
,Microwaveable Rice 250g packet,1.0,378,8.6,5.6,70.0,0.0,2025-12-04,Thursday,01DEC25
,Kiwi,1.0,46,0.9,1.6,10.8,0.3,2025-12-05,Friday,01DEC25
,Milbona Skyr yogurt,1.0,252,40.2,0.0,20.4,0.8999999999999999,2025-12-05,Friday,01DEC25
,Oats,70.0,295.4,6.09,8.120000000000001,31.29,2.8000000000000003,2025-12-05,Friday,01DEC25
,Greek Yoghurt 0%,150.0,76.5,10.0,0.0,4.8,0.0,2025-12-05,Friday,01DEC25
,Whole Milk,155.0,94.55,4.805,0.0,7.44,4.96,2025-12-05,Friday,01DEC25
,Chia Seeds,30.0,128.1,5.79,9.81,2.61,8.4,2025-12-05,Friday,01DEC25
,Milled Flaxseed,15.0,79.95,3.0,4.005,1.0050000000000001,6.495,2025-12-05,Friday,01DEC25
,Protein Powder,25.0,113.99999999999999,22.0,0.0,2.1999999999999997,1.9,2025-12-05,Friday,01DEC25
,Clear Whey,2.0,176,40.0,0.0,0.0,0.0,2025-12-05,Friday,01DEC25
,Oats,70.0,295.4,6.09,8.120000000000001,31.29,2.8000000000000003,2025-12-07,Sunday,01DEC25
,Greek Yoghurt 0%,150.0,76.5,27.15,0.0,4.8,0.0,2025-12-07,Sunday,01DEC25
,Whole Milk,155.0,94.55,4.805,0.0,7.44,4.96,2025-12-07,Sunday,01DEC25
,Chia Seeds,30.0,128.1,5.79,9.81,2.61,8.4,2025-12-07,Sunday,01DEC25
,Milled Flaxseed,15.0,79.95,3.0,4.005,1.0050000000000001,6.495,2025-12-07,Sunday,01DEC25
,Protein Powder,25.0,113.99999999999999,22.0,0.0,2.1999999999999997,1.9,2025-12-07,Sunday,01DEC25
,Mixed Chicken,250.0,400,57.0,0.0,0.0,14.0,2025-12-07,Sunday,01DEC25
,Mixed Vegetables,250.0,152.5,8.5,10.75,18.0,2.75,2025-12-07,Sunday,01DEC25
,Red Pepper,0.5,18.5,0.6,1.25,3.5,0.15,2025-12-07,Sunday,01DEC25
,Red Lentils,80.0,104,7.52,8.48,41.6,0.48,2025-12-07,Sunday,01DEC25
,Brown Rice,80.0,184.8,2.08,1.12,65.6,1.04,2025-12-07,Sunday,01DEC25
,Oats,70.0,295.4,6.09,8.120000000000001,31.29,2.8000000000000003,2025-12-08,Monday,08DEC25
,Greek Yoghurt 0%,150.0,76.5,27.15,0.0,4.8,0.0,2025-12-08,Monday,08DEC25
,Whole Milk,155.0,94.55,4.805,0.0,7.44,4.96,2025-12-08,Monday,08DEC25
,Chia Seeds,30.0,128.1,5.79,9.81,2.61,8.4,2025-12-08,Monday,08DEC25
,Milled Flaxseed,15.0,79.95,3.0,4.005,1.0050000000000001,6.495,2025-12-08,Monday,08DEC25
,Protein Powder,25.0,113.99999999999999,22.0,0.0,2.1999999999999997,1.9,2025-12-08,Monday,08DEC25
,"Chopped Wrap(Tomato wrap, house greens, cheese, mango chilli, red onions)",1.0,650,48.0,7.0,60.0,22.0,2025-12-08,Monday,08DEC25
,Fried Egg (no oil),2.0,180,12.6,0.0,0.6,14.0,2025-12-08,Monday,08DEC25
,Oats,60.0,253.2,5.22,6.96,26.82,2.4,2025-12-10,Wednesday,08DEC25
,Greek Yoghurt 0%,250.0,127.5,45.25,0.0,8.0,0.0,2025-12-10,Wednesday,08DEC25
,Whole Milk,155.0,94.55,4.805,0.0,7.44,4.96,2025-12-10,Wednesday,08DEC25
,Chia Seeds,30.0,128.1,5.79,9.81,2.61,8.4,2025-12-10,Wednesday,08DEC25
,Milled Flaxseed,15.0,79.95,3.0,4.005,1.0050000000000001,6.495,2025-12-10,Wednesday,08DEC25
,Protein Powder,25.0,113.99999999999999,22.0,0.0,2.1999999999999997,1.9,2025-12-10,Wednesday,08DEC25
,Jumbo Sausage Wrap,1.0,900,38.0,6.0,75.0,48.0,2025-12-10,Wednesday,08DEC25
,Mixed Chicken,250.0,400,57.0,0.0,0.0,14.0,2025-12-10,Wednesday,08DEC25
,Mixed Vegetables,250.0,152.5,8.5,10.75,18.0,2.75,2025-12-10,Wednesday,08DEC25
,Red Pepper,0.5,18.5,0.6,1.25,3.5,0.15,2025-12-10,Wednesday,08DEC25
,Red Lentils,80.0,104,7.52,8.48,41.6,0.48,2025-12-10,Wednesday,08DEC25
,Brown Rice,80.0,184.8,2.08,1.12,65.6,1.04,2025-12-10,Wednesday,08DEC25
,Oats,60.0,253.2,5.22,6.96,26.82,2.4,2025-12-11,Thursday,08DEC25
,Greek Yoghurt 0%,250.0,127.5,45.25,0.0,8.0,0.0,2025-12-11,Thursday,08DEC25
,Whole Milk,155.0,94.55,4.805,0.0,7.44,4.96,2025-12-11,Thursday,08DEC25
,Chia Seeds,45.0,192.14999999999998,8.685,14.715,3.9149999999999996,12.600000000000001,2025-12-11,Thursday,08DEC25
,Protein Powder,25.0,113.99999999999999,22.0,0.0,2.1999999999999997,1.9,2025-12-11,Thursday,08DEC25
,Salmon Darne (100g),2.2,444.40000000000003,40.04,0.0,5.06,29.260000000000005,2025-12-11,Thursday,08DEC25
,Mixed Vegetables,250.0,152.5,8.5,10.75,18.0,2.75,2025-12-11,Thursday,08DEC25
,Red Pepper,0.5,18.5,0.6,1.25,3.5,0.15,2025-12-11,Thursday,08DEC25
,Red Lentils,50.0,65,4.7,5.3,26.0,0.3,2025-12-11,Thursday,08DEC25
,Brown Rice,50.0,115.5,1.3,0.7000000000000001,41.0,0.65,2025-12-11,Thursday,08DEC25
,White Wrap,2.0,360,12.0,4.0,56.0,8.0,2025-12-12,Friday,08DEC25
,Milbona Skyr yogurt,1.0,252,40.2,0.0,20.4,0.8999999999999999,2025-12-12,Friday,08DEC25
,Lidl Milbona High-Protein Pudding 200g,1.0,160,20.0,0.0,10.0,3.5,2025-12-12,Friday,08DEC25
,Banana,1.0,105,1.3,3.1,27.0,0.4,2025-12-12,Friday,08DEC25
,Oats,60.0,253.2,5.22,6.96,26.82,2.4,2025-12-13,Saturday,08DEC25
,Greek Yoghurt 0%,150.0,76.5,27.15,0.0,4.8,0.0,2025-12-13,Saturday,08DEC25
,Whole Milk,170.0,103.7,5.27,0.0,8.16,5.44,2025-12-13,Saturday,08DEC25
,Chia Seeds,30.0,128.1,5.79,9.81,2.61,8.4,2025-12-13,Saturday,08DEC25
,Milled Flaxseed,15.0,79.95,3.0,4.005,1.0050000000000001,6.495,2025-12-13,Saturday,08DEC25
,Protein Powder,25.0,113.99999999999999,22.0,0.0,2.1999999999999997,1.9,2025-12-13,Saturday,08DEC25
,Low-Fat Burgers (100g),2.8,341.59999999999997,46.480000000000004,0.0,12.04,11.479999999999999,2025-12-13,Saturday,08DEC25
,Microwaveable Rice 250g packet,1.0,378,8.6,5.6,70.0,0.0,2025-12-13,Saturday,08DEC25
,Mixed Vegetables,250.0,152.5,8.5,10.75,18.0,2.75,2025-12-13,Saturday,08DEC25
,Red Pepper,0.5,18.5,0.6,1.25,3.5,0.15,2025-12-13,Saturday,08DEC25
,Oats,60.0,253.2,5.22,6.96,26.82,2.4,2025-12-14,Sunday,08DEC25
,Greek Yoghurt 0%,150.0,76.5,27.15,0.0,4.8,0.0,2025-12-14,Sunday,08DEC25
,Whole Milk,170.0,103.7,5.27,0.0,8.16,5.44,2025-12-14,Sunday,08DEC25
,Chia Seeds,30.0,128.1,5.79,9.81,2.61,8.4,2025-12-14,Sunday,08DEC25
,Milled Flaxseed,15.0,79.95,3.0,4.005,1.0050000000000001,6.495,2025-12-14,Sunday,08DEC25
,Protein Powder,25.0,113.99999999999999,22.0,0.0,2.1999999999999997,1.9,2025-12-14,Sunday,08DEC25
,Mixed Chicken,250.0,400,57.0,0.0,0.0,14.0,2025-12-14,Sunday,08DEC25
,Microwaveable Rice 250g packet,0.75,283.5,6.449999999999999,4.199999999999999,52.5,0.0,2025-12-14,Sunday,08DEC25
,Mixed Vegetables,125.0,76.25,4.25,5.375,9.0,1.375,2025-12-14,Sunday,08DEC25
,Oats,80.0,337.59999999999997,6.959999999999999,9.280000000000001,35.76,3.2,2026-01-02,Friday,29DEC25
,MyProtein Brownie,1.0,293,26.0,0.5,28.0,8.4,2026-01-02,Friday,29DEC25
,Oats,80.0,337.59999999999997,6.959999999999999,9.280000000000001,35.76,3.2,2026-01-03,Saturday,29DEC25
,Greek Yoghurt 0%,250.0,127.5,45.25,0.0,8.0,0.0,2026-01-03,Saturday,29DEC25
,Whole Milk,175.0,106.75,5.425,0.0,8.4,5.6000000000000005,2026-01-03,Saturday,29DEC25
,Protein Powder,25.0,113.99999999999999,22.0,0.0,2.1999999999999997,1.9,2026-01-03,Saturday,29DEC25
,Chia Seeds,30.0,128.1,5.79,9.81,2.61,8.4,2026-01-03,Saturday,29DEC25
,Milled Flaxseed,15.0,79.95,3.0,4.005,1.0050000000000001,6.495,2026-01-03,Saturday,29DEC25
,Mixed Chicken,200.0,320,45.6,0.0,0.0,11.200000000000001,2026-01-03,Saturday,29DEC25
,Microwaveable Rice 250g packet,1.0,378,8.6,5.6,70.0,0.0,2026-01-03,Saturday,29DEC25
,Mixed Vegetables,200.0,122,6.800000000000001,8.6,14.399999999999999,2.1999999999999997,2026-01-03,Saturday,29DEC25
,Oats,80.0,337.59999999999997,6.959999999999999,9.280000000000001,35.76,3.2,2026-01-04,Sunday,29DEC25
,Greek Yoghurt 0%,250.0,127.5,45.25,0.0,8.0,0.0,2026-01-04,Sunday,29DEC25
,Whole Milk,175.0,106.75,5.425,0.0,8.4,5.6000000000000005,2026-01-04,Sunday,29DEC25
,Protein Powder,25.0,113.99999999999999,22.0,0.0,2.1999999999999997,1.9,2026-01-04,Sunday,29DEC25
,Chia Seeds,30.0,128.1,5.79,9.81,2.61,8.4,2026-01-04,Sunday,29DEC25
,Milled Flaxseed,15.0,79.95,3.0,4.005,1.0050000000000001,6.495,2026-01-04,Sunday,29DEC25
,Banana,1.0,105,1.3,3.1,27.0,0.4,2026-01-04,Sunday,29DEC25
,Mixed Chicken,150.0,240,34.2,0.0,0.0,8.4,2026-01-04,Sunday,29DEC25
,Microwaveable Rice 250g packet,0.75,283.5,6.449999999999999,4.199999999999999,52.5,0.0,2026-01-04,Sunday,29DEC25
,Mixed Vegetables,200.0,122,6.800000000000001,8.6,14.399999999999999,2.1999999999999997,2026-01-04,Sunday,29DEC25
,MyProtein Brownie,1.0,293,26.0,0.5,28.0,8.4,2026-01-04,Sunday,29DEC25
,Greek Yoghurt 0%,450.0,229.5,81.45,0.0,14.4,0.0,2026-01-06,Tuesday,05JAN26
,Oats,100.0,422,8.7,11.600000000000001,44.7,4.0,2026-01-06,Tuesday,05JAN26
,Whole Milk,495.0,301.95,15.345,0.0,23.76,15.84,2026-01-06,Tuesday,05JAN26
,Esquires White Chocolate Mocha,1.0,370,10.0,0.0,55.0,17.0,2026-01-06,Tuesday,05JAN26
,Bagel Thins (Buttered),1.0,180,6.0,3.0,24.0,10.0,2026-01-06,Tuesday,05JAN26
,White Wrap,2.5,450,15.0,5.0,70.0,10.0,2026-01-06,Tuesday,05JAN26
,Fried Egg (no oil),4.0,360,25.2,0.0,1.2,28.0,2026-01-06,Tuesday,05JAN26
,Oats,80.0,337.59999999999997,6.959999999999999,9.280000000000001,35.76,3.2,2026-01-07,Wednesday,05JAN26
,Greek Yoghurt 0%,150.0,76.5,27.15,0.0,4.8,0.0,2026-01-07,Wednesday,05JAN26
,Whole Milk,155.0,94.55,4.805,0.0,7.44,4.96,2026-01-07,Wednesday,05JAN26
,Chia Seeds,30.0,128.1,5.79,9.81,2.61,8.4,2026-01-07,Wednesday,05JAN26
,Milled Flaxseed,19.0,101.27,3.8000000000000003,5.073,1.2730000000000001,8.227,2026-01-07,Wednesday,05JAN26
,Frozen Berries,150.0,75,0.9,10.649999999999999,25.650000000000002,0.6,2026-01-07,Wednesday,05JAN26
,Mutant Powder (Scoop),1.0,150,22.0,2.0,10.0,1.2,2026-01-07,Wednesday,05JAN26
,Whole Milk,250.0,152.5,7.75,0.0,12.0,8.0,2026-01-07,Wednesday,05JAN26
,Banana,1.0,105,1.3,3.0,27.0,0.3,2026-01-07,Wednesday,05JAN26
,Mixed Vegetables,,0,0.0,0.0,0.0,0.0,2026-01-07,Wednesday,05JAN26
,Mixed Chicken,100.0,160,22.8,0.0,0.0,5.6000000000000005,2026-01-07,Wednesday,05JAN26
,Microwaveable Rice 250g packet,0.5,189,4.3,2.8,35.0,0.0,2026-01-07,Wednesday,05JAN26
,Greek Yoghurt 0%,450.0,229.5,81.45,0.0,14.4,0.0,2026-01-13,Tuesday,12JAN26
,Oats,100.0,422,8.7,11.600000000000001,44.7,4.0,2026-01-13,Tuesday,12JAN26
,Whole Milk,495.0,301.95,15.345,0.0,23.76,15.84,2026-01-13,Tuesday,12JAN26
,Esquires White Chocolate Mocha,1.0,370,10.0,0.0,55.0,17.0,2026-01-13,Tuesday,12JAN26
,Bagel Thins (Buttered),1.0,180,6.0,3.0,24.0,10.0,2026-01-13,Tuesday,12JAN26
,White Wrap,2.5,450,15.0,5.0,70.0,10.0,2026-01-13,Tuesday,12JAN26
,Fried Egg (no oil),4.0,360,25.2,0.0,1.2,28.0,2026-01-13,Tuesday,12JAN26
,Oats,80.0,337.59999999999997,6.959999999999999,9.280000000000001,35.76,3.2,2026-01-14,Wednesday,12JAN26
,Greek Yoghurt 0%,150.0,76.5,27.15,0.0,4.8,0.0,2026-01-14,Wednesday,12JAN26
,Whole Milk,155.0,94.55,4.805,0.0,7.44,4.96,2026-01-14,Wednesday,12JAN26
,Chia Seeds,30.0,128.1,5.79,9.81,2.61,8.4,2026-01-14,Wednesday,12JAN26
,Milled Flaxseed,19.0,101.27,3.8000000000000003,5.073,1.2730000000000001,8.227,2026-01-14,Wednesday,12JAN26
,Frozen Berries,150.0,75,0.9,10.649999999999999,25.650000000000002,0.6,2026-01-14,Wednesday,12JAN26
,Mutant Powder (Scoop),1.0,150,22.0,2.0,10.0,1.2,2026-01-14,Wednesday,12JAN26
,Whole Milk,250.0,152.5,7.75,0.0,12.0,8.0,2026-01-14,Wednesday,12JAN26
,Banana,1.0,105,1.3,3.0,27.0,0.3,2026-01-14,Wednesday,12JAN26
,Mixed Vegetables,,0,0.0,0.0,0.0,0.0,2026-01-14,Wednesday,12JAN26
,Mixed Chicken,100.0,160,22.8,0.0,0.0,5.6000000000000005,2026-01-14,Wednesday,12JAN26
,Microwaveable Rice 250g packet,0.5,189,4.3,2.8,35.0,0.0,2026-01-14,Wednesday,12JAN26
,Oats,80.0,337.59999999999997,6.959999999999999,9.280000000000001,35.76,3.2,2026-01-17,Saturday,12JAN26
,Greek Yoghurt 0%,125.0,63.75,22.625,0.0,4.0,0.0,2026-01-17,Saturday,12JAN26
,Whole Milk,155.0,94.55,4.805,0.0,7.44,4.96,2026-01-17,Saturday,12JAN26
,Chia Seeds,9.0,38.42999999999999,1.737,2.943,0.7829999999999999,2.5200000000000005,2026-01-17,Saturday,12JAN26
,Milled Flaxseed,30.0,159.9,6.0,8.01,2.0100000000000002,12.99,2026-01-17,Saturday,12JAN26
,Frozen Berries,150.0,75,0.9,10.649999999999999,25.650000000000002,0.6,2026-01-17,Saturday,12JAN26
,Mutant Powder (Scoop),1.0,150,22.0,2.0,10.0,1.2,2026-01-17,Saturday,12JAN26
,Mixed Vegetables,200.0,122,6.800000000000001,8.6,14.399999999999999,2.1999999999999997,2026-01-17,Saturday,12JAN26
,Mixed Chicken,200.0,320,45.6,0.0,0.0,11.200000000000001,2026-01-17,Saturday,12JAN26
,Microwaveable Rice 250g packet,1.0,378,8.6,5.6,70.0,0.0,2026-01-17,Saturday,12JAN26
,Oats,80.0,337.59999999999997,6.959999999999999,9.280000000000001,35.76,3.2,2026-01-18,Sunday,12JAN26
,Greek Yoghurt 0%,125.0,63.75,22.625,0.0,4.0,0.0,2026-01-18,Sunday,12JAN26
,Whole Milk,155.0,94.55,4.805,0.0,7.44,4.96,2026-01-18,Sunday,12JAN26
,Chia Seeds,9.0,38.42999999999999,1.737,2.943,0.7829999999999999,2.5200000000000005,2026-01-18,Sunday,12JAN26
,Milled Flaxseed,30.0,159.9,6.0,8.01,2.0100000000000002,12.99,2026-01-18,Sunday,12JAN26
,Frozen Berries,150.0,75,0.9,10.649999999999999,25.650000000000002,0.6,2026-01-18,Sunday,12JAN26
,Mutant Powder (Scoop),1.0,150,22.0,2.0,10.0,1.2,2026-01-18,Sunday,12JAN26
,Mixed Vegetables,200.0,122,6.800000000000001,8.6,14.399999999999999,2.1999999999999997,2026-01-18,Sunday,12JAN26
,Mixed Chicken,200.0,320,45.6,0.0,0.0,11.200000000000001,2026-01-18,Sunday,12JAN26
,Microwaveable Rice 250g packet,1.0,378,8.6,5.6,70.0,0.0,2026-01-18,Sunday,12JAN26
,Greek Yoghurt 0%,450.0,229.5,81.45,0.0,14.4,0.0,2026-01-20,Tuesday,19JAN26
,Oats,100.0,422,8.7,11.600000000000001,44.7,4.0,2026-01-20,Tuesday,19JAN26
,Whole Milk,495.0,301.95,15.345,0.0,23.76,15.84,2026-01-20,Tuesday,19JAN26
,Esquires White Chocolate Mocha,1.0,370,10.0,0.0,55.0,17.0,2026-01-20,Tuesday,19JAN26
,Bagel Thins (Buttered),1.0,180,6.0,3.0,24.0,10.0,2026-01-20,Tuesday,19JAN26
,White Wrap,2.5,450,15.0,5.0,70.0,10.0,2026-01-20,Tuesday,19JAN26
,Fried Egg (no oil),4.0,360,25.2,0.0,1.2,28.0,2026-01-20,Tuesday,19JAN26
,Oats,80.0,337.59999999999997,6.959999999999999,9.280000000000001,35.76,3.2,2026-01-21,Wednesday,19JAN26
,Greek Yoghurt 0%,150.0,76.5,27.15,0.0,4.8,0.0,2026-01-21,Wednesday,19JAN26
,Whole Milk,155.0,94.55,4.805,0.0,7.44,4.96,2026-01-21,Wednesday,19JAN26
,Chia Seeds,30.0,128.1,5.79,9.81,2.61,8.4,2026-01-21,Wednesday,19JAN26
,Milled Flaxseed,19.0,101.27,3.8000000000000003,5.073,1.2730000000000001,8.227,2026-01-21,Wednesday,19JAN26
,Frozen Berries,150.0,75,0.9,10.649999999999999,25.650000000000002,0.6,2026-01-21,Wednesday,19JAN26
,Mutant Powder (Scoop),1.0,150,22.0,2.0,10.0,1.2,2026-01-21,Wednesday,19JAN26
,Whole Milk,250.0,152.5,7.75,0.0,12.0,8.0,2026-01-21,Wednesday,19JAN26
,Banana,1.0,105,1.3,3.0,27.0,0.3,2026-01-21,Wednesday,19JAN26
,Mixed Vegetables,,0,0.0,0.0,0.0,0.0,2026-01-21,Wednesday,19JAN26
,Mixed Chicken,100.0,160,22.8,0.0,0.0,5.6000000000000005,2026-01-21,Wednesday,19JAN26
,Microwaveable Rice 250g packet,0.5,189,4.3,2.8,35.0,0.0,2026-01-21,Wednesday,19JAN26
,Oats,80.0,337.59999999999997,6.959999999999999,9.280000000000001,35.76,3.2,2026-01-24,Saturday,19JAN26
,Greek Yoghurt 0%,125.0,63.75,22.625,0.0,4.0,0.0,2026-01-24,Saturday,19JAN26
,Whole Milk,155.0,94.55,4.805,0.0,7.44,4.96,2026-01-24,Saturday,19JAN26
,Chia Seeds,9.0,38.42999999999999,1.737,2.943,0.7829999999999999,2.5200000000000005,2026-01-24,Saturday,19JAN26
,Milled Flaxseed,30.0,159.9,6.0,8.01,2.0100000000000002,12.99,2026-01-24,Saturday,19JAN26
,Frozen Berries,150.0,75,0.9,10.649999999999999,25.650000000000002,0.6,2026-01-24,Saturday,19JAN26
,Mutant Powder (Scoop),1.0,150,22.0,2.0,10.0,1.2,2026-01-24,Saturday,19JAN26
,Mixed Vegetables,200.0,122,6.800000000000001,8.6,14.399999999999999,2.1999999999999997,2026-01-24,Saturday,19JAN26
,Mixed Chicken,200.0,320,45.6,0.0,0.0,11.200000000000001,2026-01-24,Saturday,19JAN26
,Microwaveable Rice 250g packet,1.0,378,8.6,5.6,70.0,0.0,2026-01-24,Saturday,19JAN26
,Oats,60.0,253.2,5.22,6.96,26.82,2.4,2026-01-25,Sunday,19JAN26
,Greek Yoghurt 0%,125.0,63.75,22.625,0.0,4.0,0.0,2026-01-25,Sunday,19JAN26
,Whole Milk,155.0,94.55,4.805,0.0,7.44,4.96,2026-01-25,Sunday,19JAN26
,Chia Seeds,30.0,128.1,5.79,9.81,2.61,8.4,2026-01-25,Sunday,19JAN26
,Milled Flaxseed,15.0,79.95,3.0,4.005,1.0050000000000001,6.495,2026-01-25,Sunday,19JAN26
,Frozen Berries,,0,0.0,0.0,0.0,0.0,2026-01-25,Sunday,19JAN26
,Mutant Powder (Scoop),1.0,150,22.0,2.0,10.0,1.2,2026-01-25,Sunday,19JAN26
,Protein Bar,2.0,422,42.0,0.0,40.0,20.0,2026-01-25,Sunday,19JAN26
,Striploin Steak (100g),2.2,440.00000000000006,46.2,0.0,0.0,28.6,2026-01-25,Sunday,19JAN26
,Microwaveable Rice 250g packet,1.0,378,8.6,5.6,70.0,0.0,2026-01-25,Sunday,19JAN26
,Striploin Steak (100g),2.2,440.00000000000006,46.2,0.0,0.0,28.6,2026-01-27,Tuesday,26Jan26
,Oats,50.0,211,4.35,5.800000000000001,22.35,2.0,2026-02-01,Sunday,26Jan26
,Greek Yoghurt 0%,207.0,105.57000000000001,37.467,0.0,6.6240000000000006,0.0,2026-02-01,Sunday,26Jan26
,Whole Milk,155.0,94.55,4.805,0.0,7.44,4.96,2026-02-01,Sunday,26Jan26
,Chia Seeds,30.0,128.1,5.79,9.81,2.61,8.4,2026-02-01,Sunday,26Jan26
,Milled Flaxseed,10.0,53.3,2.0,2.67,0.67,4.33,2026-02-01,Sunday,26Jan26
,Frozen Berries,125.0,62.5,0.75,8.875,21.375,0.5,2026-02-01,Sunday,26Jan26
,Mutant Powder (Scoop),1.0,150,22.0,2.0,10.0,1.2,2026-02-01,Sunday,26Jan26
,Protein Bar,1.0,211,21.0,0.0,20.0,10.0,2026-02-01,Sunday,26Jan26
,Protein Bar,1.0,211,21.0,0.0,20.0,10.0,2026-02-05,Thursday,02Feb26
,Banana,1.0,105,1.3,3.0,27.0,0.3,2026-02-05,Thursday,02Feb26
,Iceberg Lettuce (100g),2.6,52,1.8199999999999998,2.6,5.2,0.0,2026-02-05,Thursday,02Feb26
,White Bread (Slice),4.0,360,12.0,4.0,60.0,4.0,2026-02-06,Friday,02Feb26
,White Wrap,1.0,180,6.0,2.0,28.0,4.0,2026-02-06,Friday,02Feb26
,Protein Bar,,0,0.0,0.0,0.0,0.0,2026-02-06,Friday,02Feb26
,Oats,80.0,337.59999999999997,6.959999999999999,9.280000000000001,35.76,3.2,2026-02-06,Friday,02Feb26
,Chia Seeds,30.0,128.1,5.79,9.81,2.61,8.4,2026-02-06,Friday,02Feb26
,Milled Flaxseed,15.0,79.95,3.0,4.005,1.0050000000000001,6.495,2026-02-06,Friday,02Feb26
,Mutant Powder (Scoop),1.0,150,22.0,2.0,10.0,1.2,2026-02-06,Friday,02Feb26
,Frozen Berries,80.0,40,0.48,5.68,13.680000000000001,0.32,2026-02-06,Friday,02Feb26
,Greek Yoghurt 0%,200.0,102,36.199999999999996,0.0,6.4,0.0,2026-02-06,Friday,02Feb26
,Whole Milk,155.0,94.55,4.805,0.0,7.44,4.96,2026-02-06,Friday,02Feb26
,Turkey Burger (100g),4.0,420,76.0,5.6,14.0,5.6,2026-02-06,Friday,02Feb26
,Fitfuel Pasta and Chicken,1.0,500,44.0,0.0,0.0,0.0,2026-02-07,Saturday,02Feb26
,Grenade Protein Bar (Oreo),1.0,232,21.0,0.9,20.0,10.0,2026-02-07,Saturday,02Feb26
,Oats,80.0,337.59999999999997,6.959999999999999,9.280000000000001,35.76,3.2,2026-02-08,Sunday,02Feb26
,Chia Seeds,30.0,128.1,5.79,9.81,2.61,8.4,2026-02-08,Sunday,02Feb26
,Milled Flaxseed,15.0,79.95,3.0,4.005,1.0050000000000001,6.495,2026-02-08,Sunday,02Feb26
,Mutant Powder (Scoop),1.0,150,22.0,2.0,10.0,1.2,2026-02-08,Sunday,02Feb26
,"Blueberry (100g, Frozen)",0.8,44,0.5599999999999999,2.0,10.0,0.5599999999999999,2026-02-08,Sunday,02Feb26
,Greek Yoghurt 0%,200.0,102,36.199999999999996,0.0,6.4,0.0,2026-02-08,Sunday,02Feb26
,Light Milk (100ml),1.55,72.85000000000001,5.425,0.0,7.595000000000001,2.325,2026-02-08,Sunday,02Feb26
,Protein Bar,1.0,211,21.0,0.0,20.0,10.0,2026-02-08,Sunday,02Feb26
,Salmon Darne (100g),2.4,484.79999999999995,43.68,0.0,5.52,31.92,2026-02-08,Sunday,02Feb26
,Microwaveable Rice 250g packet,1.0,378,8.6,5.6,70.0,0.0,2026-02-08,Sunday,02Feb26
,Frozen Country Veg (1g),,0,0.0,0.0,0.0,0.0,2026-02-08,Sunday,02Feb26
,Red Onion (100g),2.0,84,2.0,2.8,20.0,0.2,2026-02-08,Sunday,02Feb26
,Turkey Burger (100g),2.0,210,38.0,2.8,7.0,2.8,2026-02-08,Sunday,02Feb26
,Oats,70.0,295.4,6.09,8.120000000000001,31.29,2.8000000000000003,2026-02-09,Monday,09Feb26
,Chia Seeds,30.0,128.1,5.79,9.81,2.61,8.4,2026-02-09,Monday,09Feb26
,Milled Flaxseed,15.0,79.95,3.0,4.005,1.0050000000000001,6.495,2026-02-09,Monday,09Feb26
,Mutant Powder (Scoop),1.0,150,22.0,2.0,10.0,1.2,2026-02-09,Monday,09Feb26
,"Blueberry (100g, Frozen)",0.8,44,0.5599999999999999,2.0,10.0,0.5599999999999999,2026-02-09,Monday,09Feb26
,Greek Yoghurt 0%,200.0,102,36.199999999999996,0.0,6.4,0.0,2026-02-09,Monday,09Feb26
,Light Milk (100ml),1.55,72.85000000000001,5.425,0.0,7.595000000000001,2.325,2026-02-09,Monday,09Feb26
,Egg (Hardboiled),2.0,160,13.0,0.0,2.0,10.0,2026-02-09,Monday,09Feb26
,"Acai Bowl (Small, Dried Fruit, No Granola)",1.0,250,3.0,5.0,30.0,5.0,2026-02-09,Monday,09Feb26
,Fried Egg (no oil),1.0,90,6.3,0.0,0.3,7.0,2026-02-09,Monday,09Feb26
,Chicken Main 400 Kcal (SAP),1.0,400,34.0,6.0,47.0,11.0,2026-02-09,Monday,09Feb26
,Veg Soup (SAP),1.0,200,6.0,5.0,33.0,6.0,2026-02-09,Monday,09Feb26
,"Quinoa, Rocket, and Roasted Roots (SAP)",1.0,200,6.0,6.0,35.0,6.0,2026-02-09,Monday,09Feb26
,Banana,1.0,105,1.3,3.0,27.0,0.3,2026-02-09,Monday,09Feb26
,White Bread (Slice),2.0,180,6.0,2.0,30.0,2.0,2026-02-09,Monday,09Feb26
,Egg (Hardboiled),3.0,240,19.5,0.0,3.0,15.0,2026-02-10,Tuesday,09Feb26
,Oats,60.0,253.2,5.22,6.96,26.82,2.4,2026-02-10,Tuesday,09Feb26
,Whole Milk,170.0,103.7,5.27,0.0,8.16,5.44,2026-02-10,Tuesday,09Feb26
,Protein Bar,1.0,211,21.0,0.0,20.0,10.0,2026-02-10,Tuesday,09Feb26
,Chicken Main 400 Kcal (SAP),1.0,400,34.0,6.0,47.0,11.0,2026-02-10,Tuesday,09Feb26
,Veg Soup (SAP),1.0,200,6.0,5.0,33.0,6.0,2026-02-10,Tuesday,09Feb26
,"Quinoa, Rocket, and Roasted Roots (SAP)",1.0,200,6.0,6.0,35.0,6.0,2026-02-10,Tuesday,09Feb26
,Banana,1.0,105,1.3,3.0,27.0,0.3,2026-02-10,Tuesday,09Feb26
,Oats,60.0,253.2,5.22,6.96,26.82,2.4,2026-02-10,Tuesday,09Feb26
,Chia Seeds,20.0,85.39999999999999,3.8600000000000003,6.54,1.7399999999999998,5.6000000000000005,2026-02-10,Tuesday,09Feb26
,Milled Flaxseed,15.0,79.95,3.0,4.005,1.0050000000000001,6.495,2026-02-10,Tuesday,09Feb26
,Protein Powder,30.0,136.79999999999998,26.4,0.0,2.6399999999999997,2.28,2026-02-10,Tuesday,09Feb26
,"Blueberry (100g, Frozen)",0.8,44,0.5599999999999999,2.0,10.0,0.5599999999999999,2026-02-10,Tuesday,09Feb26
,Greek Yoghurt 0%,200.0,102,36.199999999999996,0.0,6.4,0.0,2026-02-10,Tuesday,09Feb26
,Light Milk (100ml),1.55,72.85000000000001,5.425,0.0,7.595000000000001,2.325,2026-02-10,Tuesday,09Feb26
,Oats,50.0,211,4.35,5.800000000000001,22.35,2.0,2026-02-11,Wednesday,09Feb26
,Chia Seeds,20.0,85.39999999999999,3.8600000000000003,6.54,1.7399999999999998,5.6000000000000005,2026-02-11,Wednesday,09Feb26
,Milled Flaxseed,15.0,79.95,3.0,4.005,1.0050000000000001,6.495,2026-02-11,Wednesday,09Feb26
,Protein Powder,30.0,136.79999999999998,26.4,0.0,2.6399999999999997,2.28,2026-02-11,Wednesday,09Feb26
,"Blueberry (100g, Frozen)",0.8,44,0.5599999999999999,2.0,10.0,0.5599999999999999,2026-02-11,Wednesday,09Feb26
,Greek Yoghurt 0%,210.0,107.10000000000001,38.01,0.0,6.72,0.0,2026-02-11,Wednesday,09Feb26
,Light Milk (100ml),1.55,72.85000000000001,5.425,0.0,7.595000000000001,2.325,2026-02-11,Wednesday,09Feb26
,Chicken Main 400 Kcal (SAP),1.0,400,34.0,6.0,47.0,11.0,2026-02-11,Wednesday,09Feb26
,Veg Soup (SAP),1.0,200,6.0,5.0,33.0,6.0,2026-02-11,Wednesday,09Feb26
,"Quinoa, Rocket, and Roasted Roots (SAP)",1.5,300,9.0,9.0,52.5,9.0,2026-02-11,Wednesday,09Feb26
,Banana,1.0,105,1.3,3.0,27.0,0.3,2026-02-11,Wednesday,09Feb26
,Protein Bar,1.0,211,21.0,0.0,20.0,10.0,2026-02-11,Wednesday,09Feb26
,Kiwi,3.0,138,2.7,4.800000000000001,32.400000000000006,0.8999999999999999,2026-02-11,Wednesday,09Feb26
,Egg (Hardboiled),3.0,240,19.5,0.0,3.0,15.0,2026-02-11,Wednesday,09Feb26
,Oats,50.0,211,4.35,5.800000000000001,22.35,2.0,2026-02-17,Tuesday,16Feb26
,Chia Seeds,15.0,64.05,2.895,4.905,1.305,4.2,2026-02-17,Tuesday,16Feb26
,Milled Flaxseed,15.0,79.95,3.0,4.005,1.0050000000000001,6.495,2026-02-17,Tuesday,16Feb26
,Protein Powder,30.0,136.79999999999998,26.4,0.0,2.6399999999999997,2.28,2026-02-17,Tuesday,16Feb26
,"Blueberry (100g, Frozen)",0.8,44,0.5599999999999999,2.0,10.0,0.5599999999999999,2026-02-17,Tuesday,16Feb26
,Greek Yoghurt 0%,210.0,107.10000000000001,38.01,0.0,6.72,0.0,2026-02-17,Tuesday,16Feb26
,Whole Milk,155.0,94.55,4.805,0.0,7.44,4.96,2026-02-17,Tuesday,16Feb26
,Soup of the Day (SAP),1.0,200,6.0,6.0,32.0,6.0,2026-02-17,Tuesday,16Feb26
,"Mixed Leaves (SAP, 200 kcal)",1.0,100,3.0,3.0,7.0,1.0,2026-02-17,Tuesday,16Feb26
,"Chicken Thighs and Rice (SAP,  600 Kcal)",1.0,600,35.0,3.0,55.0,27.0,2026-02-17,Tuesday,16Feb26
,"Mixed Leaves (SAP, 200 kcal)",1.0,100,3.0,3.0,7.0,1.0,2026-02-17,Tuesday,16Feb26
,Banana,1.0,105,1.3,3.0,27.0,0.3,2026-02-17,Tuesday,16Feb26
,Striploin Steak (100g),1.1,220.00000000000003,23.1,0.0,0.0,14.3,2026-02-17,Tuesday,16Feb26
,Fried Egg (no oil),2.0,180,12.6,0.0,0.6,14.0,2026-02-17,Tuesday,16Feb26
,Red Lentils,125.0,162.5,11.75,13.25,65.0,0.75,2026-02-17,Tuesday,16Feb26
05:25:00,Oats,50.0,211,4.35,5.800000000000001,22.35,2.0,2026-02-18,Wednesday,16Feb26
,Chia Seeds,10.0,42.699999999999996,1.9300000000000002,3.27,0.8699999999999999,2.8000000000000003,2026-02-18,Wednesday,16Feb26
,Milled Flaxseed,10.0,53.3,2.0,2.67,0.67,4.33,2026-02-18,Wednesday,16Feb26
08:30:00,Protein Powder,30.0,136.79999999999998,26.4,0.0,2.6399999999999997,2.28,2026-02-18,Wednesday,16Feb26
,"Blueberry (100g, Frozen)",0.8,44,0.5599999999999999,2.0,10.0,0.5599999999999999,2026-02-18,Wednesday,16Feb26
,Greek Yoghurt 0%,205.0,104.55,37.105,0.0,6.5600000000000005,0.0,2026-02-18,Wednesday,16Feb26
,Whole Milk,125.0,76.25,3.875,0.0,6.0,4.0,2026-02-18,Wednesday,16Feb26
12:00:00,Soup of the Day (SAP),1.0,200,6.0,6.0,32.0,6.0,2026-02-18,Wednesday,16Feb26
,"Mixed Leaves (SAP, 200 kcal)",1.0,100,3.0,3.0,7.0,1.0,2026-02-18,Wednesday,16Feb26
14:30:00,"Chicken Thighs and Rice (SAP,  600 Kcal)",1.0,600,35.0,3.0,55.0,27.0,2026-02-18,Wednesday,16Feb26
,Banana,1.0,105,1.3,3.0,27.0,0.3,2026-02-18,Wednesday,16Feb26
17:20:00,Banana,1.0,105,1.3,3.0,27.0,0.3,2026-02-18,Wednesday,16Feb26
,Protein Bar,1.0,211,21.0,0.0,20.0,10.0,2026-02-18,Wednesday,16Feb26
19:00:00,White Onion,1.0,60,1.5,2.5,14.0,0.0,2026-02-18,Wednesday,16Feb26
,Red Pepper,0.5,18.5,0.6,1.25,3.5,0.15,2026-02-18,Wednesday,16Feb26
,Red Lentils,100.0,130,9.4,10.6,52.0,0.6,2026-02-18,Wednesday,16Feb26
,Fried Egg (no oil),3.0,270,18.9,0.0,0.8999999999999999,21.0,2026-02-18,Wednesday,16Feb26
10:55:00,White Wrap,1.0,180,6.0,2.0,28.0,4.0,2026-02-19,Thursday,16Feb26
,Striploin Steak (100g),1.0,200,21.0,0.0,0.0,13.0,2026-02-19,Thursday,16Feb26
,Milbona Skyr yogurt,1.0,252,40.2,0.0,20.4,0.8999999999999999,2026-02-19,Thursday,16Feb26
13:09:00,Protein Bar,1.0,211,21.0,0.0,20.0,10.0,2026-02-19,Thursday,16Feb26
14:00:00,Roots Caesar Salad & Soup,1.0,1500,74.0,18.0,140.0,65.0,2026-02-19,Thursday,16Feb26
20:30:00,Salmon Darne (100g),2.4,484.79999999999995,43.68,0.0,5.52,31.92,2026-02-19,Thursday,16Feb26
,White Onion,1.0,60,1.5,2.5,14.0,0.0,2026-02-19,Thursday,16Feb26
,Red Pepper,0.5,18.5,0.6,1.25,3.5,0.15,2026-02-19,Thursday,16Feb26
,Rice Cake,2.0,88,1.4,0.6,13.8,2.8,2026-02-23,Monday,23Feb26
,"Cottage Cheese (1 Tbsp, 22.5g)",4.0,60,9.0,0.0,3.0,2.0,2026-02-23,Monday,23Feb26
,Turkey Slice,4.0,20,4.0,0.0,0.4,0.4,2026-02-23,Monday,23Feb26
,Babybel,2.0,130,10.0,0.0,0.2,10.0,2026-02-23,Monday,23Feb26
,Iced Matcha ,1.0,140,3.0,0.0,25.0,3.0,2026-02-23,Monday,23Feb26
,FitFuel Sweet Chilli and Noodles,1.0,562,40.0,12.8,58.0,15.0,2026-02-23,Monday,23Feb26
,Quark Bar,2.0,302,15.2,0.0,18.0,17.0,2026-02-23,Monday,23Feb26
,Chicken Main 400 Kcal (SAP),1.0,400,34.0,6.0,47.0,11.0,2026-02-23,Monday,23Feb26
08:30:00,Oats,50.0,211,4.35,5.800000000000001,22.35,2.0,2026-02-24,Tuesday,23Feb26
,Chia Seeds,20.0,85.39999999999999,3.8600000000000003,6.54,1.7399999999999998,5.6000000000000005,2026-02-24,Tuesday,23Feb26
,Protein Powder,30.0,136.79999999999998,26.4,0.0,2.6399999999999997,2.28,2026-02-24,Tuesday,23Feb26
,"Blueberry (100g, Frozen)",0.8,44,0.5599999999999999,2.0,10.0,0.5599999999999999,2026-02-24,Tuesday,23Feb26
,Greek Yoghurt 0%,250.0,127.5,45.25,0.0,8.0,0.0,2026-02-24,Tuesday,23Feb26
,Whole Milk,155.0,94.55,4.805,0.0,7.44,4.96,2026-02-24,Tuesday,23Feb26
12:00:00,Grilled Cajun Chicken Salad with Light Ranch,1.0,400,38.0,5.0,15.0,20.0,2026-02-24,Tuesday,23Feb26
,Spiced Carrot & Lentil Broth,1.0,200,8.0,6.0,30.0,5.0,2026-02-24,Tuesday,23Feb26
15:00:00,Dressed Carrot & Multiseed Salad,1.0,200,5.0,6.0,18.0,12.0,2026-02-24,Tuesday,23Feb26
,Piri Piri Broccoli & Cous Cous Salad,1.0,200,6.0,4.0,32.0,5.0,2026-02-24,Tuesday,23Feb26
,Banana,1.0,105,1.3,3.0,27.0,0.3,2026-02-24,Tuesday,23Feb26
19:00:00,Fried Egg (no oil),4.0,360,25.2,0.0,1.2,28.0,2026-02-24,Tuesday,23Feb26
,White Onion,1.0,60,1.5,2.5,14.0,0.0,2026-02-24,Tuesday,23Feb26
,Red Pepper,1.0,37,1.2,2.5,7.0,0.3,2026-02-24,Tuesday,23Feb26
05:30:00,Banana,1.0,105,1.3,3.0,27.0,0.3,2026-02-25,Wednesday,23Feb26
,Clear Whey,1.0,88,20.0,0.0,0.0,0.0,2026-02-25,Wednesday,23Feb26
08:30:00,Egg (Hardboiled),4.0,320,26.0,0.0,4.0,20.0,2026-02-25,Wednesday,23Feb26
,SAP Porridge ,1.0,300,11.0,3.5,42.0,8.0,2026-02-25,Wednesday,23Feb26
12:00:00,Grilled Cajun Chicken Salad with Light Ranch,1.0,400,38.0,5.0,15.0,20.0,2026-02-25,Wednesday,23Feb26
,Spiced Carrot & Lentil Broth,1.0,200,8.0,6.0,30.0,5.0,2026-02-25,Wednesday,23Feb26
,Piri Piri Broccoli & Cous Cous Salad,1.0,200,6.0,4.0,32.0,5.0,2026-02-25,Wednesday,23Feb26
,Mixed Leaves,0.5,100,1.5,2.0,5.0,7.5,2026-02-25,Wednesday,23Feb26
20:00:00,Deli Wrap (Whole Chicken),1.0,625,60.0,3.0,50.0,19.0,2026-02-25,Wednesday,23Feb26
,Red Onion (100g),1.0,42,1.0,1.4,10.0,0.1,2026-02-25,Wednesday,23Feb26
,Red Pepper,0.45,16.650000000000002,0.54,1.125,3.15,0.135,2026-02-25,Wednesday,23Feb26
12:00:00,Focaccia with Whipped Honey & Chilli Butter,1.0,200,5.0,1.0,28.0,8.0,2026-02-26,Thursday,23Feb26
,Grilled Cajun Chicken Salad with Light Ranch,1.0,400,38.0,5.0,15.0,20.0,2026-02-26,Thursday,23Feb26
,Spiced Carrot & Lentil Broth,1.0,200,8.0,6.0,30.0,5.0,2026-02-26,Thursday,23Feb26
,Piri Piri Broccoli & Cous Cous Salad,0.5,100,3.0,2.0,16.0,2.5,2026-02-26,Thursday,23Feb26
16:30:00,Chicken Salad Bowl (est.),1.0,450,35.0,4.0,28.0,12.0,2026-02-26,Thursday,23Feb26
18:45:00,Oats,50.0,211,4.35,5.800000000000001,22.35,2.0,2026-02-26,Thursday,23Feb26
,Chia Seeds,20.0,85.39999999999999,3.8600000000000003,6.54,1.7399999999999998,5.6000000000000005,2026-02-26,Thursday,23Feb26
,Protein Powder,30.0,136.79999999999998,26.4,0.0,2.6399999999999997,2.28,2026-02-26,Thursday,23Feb26
,"Blueberry (100g, Frozen)",0.8,44,0.5599999999999999,2.0,10.0,0.5599999999999999,2026-02-26,Thursday,23Feb26
,Greek Yoghurt 0%,250.0,127.5,45.25,0.0,8.0,0.0,2026-02-26,Thursday,23Feb26
,Whole Milk,155.0,94.55,4.805,0.0,7.44,4.96,2026-02-26,Thursday,23Feb26
12:00:00,Thai Panang Chicken Curry & Steamed Rice,1.0,400,30.0,4.0,45.0,12.0,2026-03-02,Monday,02Mar26
,Soup of the Day (SAP),1.0,200,6.0,6.0,32.0,5.0,2026-03-02,Monday,02Mar26
14:30:00,Traditional Chicken Salad Bowl (No Coleslaw No Mayo),1.0,400,40.0,4.0,20.0,15.0,2026-03-02,Monday,02Mar26
,Oats,50.0,211,4.35,5.800000000000001,22.35,2.0,2026-03-03,Tuesday,02Mar26
,Protein Powder,25.0,113.99999999999999,22.0,0.0,2.1999999999999997,1.9,2026-03-03,Tuesday,02Mar26
,Chia Seeds,20.0,85.39999999999999,3.8600000000000003,6.54,1.7399999999999998,5.6000000000000005,2026-03-03,Tuesday,02Mar26
,Light Milk (100ml),1.0,47,3.5,0.0,4.9,1.5,2026-03-03,Tuesday,02Mar26
,Greek Yoghurt 0%,250.0,127.5,45.25,0.0,8.0,0.0,2026-03-03,Tuesday,02Mar26
,"Blueberry (100g, Frozen)",0.8,44,0.5599999999999999,2.0,10.0,0.5599999999999999,2026-03-03,Tuesday,02Mar26
12:00:00,Thai Panang Chicken Curry & Steamed Rice,1.0,400,30.0,4.0,45.0,12.0,2026-03-04,Wednesday,02Mar26
,Masala Cauliflower Rocket & Chickpea Salad,1.0,200,7.0,6.0,22.0,8.0,2026-03-04,Wednesday,02Mar26
,Mixed Leaves,0.5,100,1.5,2.0,5.0,7.5,2026-03-04,Wednesday,02Mar26
,Soup of the Day (SAP),1.0,200,6.0,6.0,32.0,5.0,2026-03-04,Wednesday,02Mar26
15:00:00,Oats,50.0,211,4.35,5.800000000000001,22.35,2.0,2026-03-04,Wednesday,02Mar26
18:00:00,Protein Powder,25.0,113.99999999999999,22.0,0.0,2.1999999999999997,1.9,2026-03-04,Wednesday,02Mar26
,Chia Seeds,20.0,85.39999999999999,3.8600000000000003,6.54,1.7399999999999998,5.6000000000000005,2026-03-04,Wednesday,02Mar26
,Light Milk (100ml),1.0,47,3.5,0.0,4.9,1.5,2026-03-04,Wednesday,02Mar26
,Greek Yoghurt 0%,250.0,127.5,45.25,0.0,8.0,0.0,2026-03-04,Wednesday,02Mar26
,"Blueberry (100g, Frozen)",0.8,44,0.5599999999999999,2.0,10.0,0.5599999999999999,2026-03-04,Wednesday,02Mar26
19:30:00,Traditional Chicken Salad Bowl (No Coleslaw No Mayo),1.0,400,40.0,4.0,20.0,15.0,2026-03-04,Wednesday,02Mar26
,Banana,1.0,105,1.3,3.0,27.0,0.3,2026-03-04,Wednesday,02Mar26
,Protein Bar,1.0,211,21.0,0.0,20.0,10.0,2026-03-04,Wednesday,02Mar26
,Bagel Thins (Buttered),1.0,180,6.0,3.0,24.0,10.0,2026-03-08,Sunday,02Mar26
,"Mussels (1 Tin/43g , Drained)",1.0,103.63,5.59,0.0,0.9460000000000001,8.6,2026-03-08,Sunday,02Mar26
,Cottage Cheese (1 Tbsp / 30g),2.0,58.199999999999996,6.8999999999999995,0.0,1.68,2.6999999999999997,2026-03-08,Sunday,02Mar26
,Turkey Slice,8.0,40,8.0,0.0,0.8,0.8,2026-03-08,Sunday,02Mar26
,Honey (Tbsp),3.0,192,0.0,0.0,51.0,0.0,2026-03-08,Sunday,02Mar26
,Lidl Chef Select Chicken Satay,1.0,534,35.6,2.8,52.4,19.6,2026-03-08,Sunday,02Mar26
,Farl with Cheese,1.0,300,8.0,2.3,27.4,17.0,2026-03-08,Sunday,02Mar26
11:30:00,Iced Matcha ,2.0,280,6.0,0.0,50.0,6.0,2026-03-09,Monday,09Mar26
12:00:00,Fried Egg (no oil),5.0,450,31.5,0.0,1.5,35.0,2026-03-09,Monday,09Mar26
,White Onion,2.0,120,3.0,5.0,28.0,0.0,2026-03-09,Monday,09Mar26
,Red Pepper,0.5,18.5,0.6,1.25,3.5,0.15,2026-03-09,Monday,09Mar26
,Cherry Tomato,5.0,25,0.75,0.0,3.25,0.25,2026-03-09,Monday,09Mar26
,Honey & Chilli Chicken Pieces (100g),1.0,125,20.27,0.0,7.4,1.77,2026-03-09,Monday,09Mar26
,Sweet Potato (100g) ,2.2,189.20000000000002,3.5200000000000005,6.6000000000000005,44.0,0.22000000000000003,2026-03-09,Monday,09Mar26
,30% Reduced Fat Cheese (100g),0.25,78.75,6.825,0.0,0.675,5.425,2026-03-09,Monday,09Mar26
,Banana,1.0,105,1.3,3.0,27.0,0.3,2026-03-09,Monday,09Mar26
,Clean Cut Meals Butter Chicken,1.0,524,52.0,5.6,38.0,17.0,2026-03-09,Monday,09Mar26
,Padding,3.0,300,0.0,0.0,0.0,0.0,2026-03-09,Monday,09Mar26
05:30:00,Clear Whey,1.0,88,20.0,0.0,0.0,0.0,2026-03-10,Tuesday,09Mar26
,Banana,1.0,105,1.3,3.0,27.0,0.3,2026-03-10,Tuesday,09Mar26
08:30:00,Oats,50.0,211,4.35,5.800000000000001,22.35,2.0,2026-03-10,Tuesday,09Mar26
,Chia Seeds,20.0,85.39999999999999,3.8600000000000003,6.54,1.7399999999999998,5.6000000000000005,2026-03-10,Tuesday,09Mar26
,Protein Powder,30.0,136.79999999999998,26.4,0.0,2.6399999999999997,2.28,2026-03-10,Tuesday,09Mar26
,"Blueberry (100g, Frozen)",0.8,44,0.5599999999999999,2.0,10.0,0.5599999999999999,2026-03-10,Tuesday,09Mar26
,Greek Yoghurt 0%,120.0,61.2,21.72,0.0,3.84,0.0,2026-03-10,Tuesday,09Mar26
,Whole Milk,100.0,61,3.1,0.0,4.8,3.2,2026-03-10,Tuesday,09Mar26
12:00:00,Soup of the Day (SAP),1.0,200,6.0,6.0,32.0,5.0,2026-03-10,Tuesday,09Mar26
,Succotash Grains Salad,1.0,200,6.0,5.0,30.0,8.0,2026-03-10,Tuesday,09Mar26
15:00:00,Memphis Pulled Pork Pitta,1.0,600,38.0,7.0,60.0,30.0,2026-03-10,Tuesday,09Mar26
17:10:00,Traditional Chicken Salad Bowl (No Coleslaw No Mayo),1.0,400,40.0,6.0,20.0,15.0,2026-03-10,Tuesday,09Mar26
19:30:00,White Onion,1.0,60,1.5,2.5,14.0,0.0,2026-03-10,Tuesday,09Mar26
,Red Pepper,1.0,37,1.2,2.5,7.0,0.3,2026-03-10,Tuesday,09Mar26
05:30:00,Clear Whey,1.0,88,20.0,0.0,0.0,0.0,2026-03-11,Wednesday,09Mar26
,White Bread (Slice),2.0,180,6.0,2.0,30.0,2.0,2026-03-11,Wednesday,09Mar26
08:30:00,Egg (Hardboiled),1.0,80,6.5,0.0,1.0,5.0,2026-03-11,Wednesday,09Mar26
,Protein Bar,1.0,211,21.0,0.0,20.0,10.0,2026-03-11,Wednesday,09Mar26
12:00:00,Soup of the Day (SAP),1.0,200,6.0,6.0,32.0,5.0,2026-03-11,Wednesday,09Mar26
,Memphis Pulled Pork Pitta,1.0,600,38.0,7.0,60.0,30.0,2026-03-11,Wednesday,09Mar26
,Dressed Carrot & Multiseed Salad,0.5,100,2.5,3.0,9.0,6.0,2026-03-11,Wednesday,09Mar26
17:10:00,Fried Egg (no oil),2.0,180,12.6,0.0,0.6,14.0,2026-03-11,Wednesday,09Mar26
,White Onion,1.0,60,1.5,2.5,14.0,0.0,2026-03-11,Wednesday,09Mar26
,Red Pepper,1.0,37,1.2,2.5,7.0,0.3,2026-03-11,Wednesday,09Mar26
,Protein Powder,60.0,273.59999999999997,52.8,0.0,5.279999999999999,4.56,2026-03-11,Wednesday,09Mar26
,Padding,3.0,300,0.0,0.0,0.0,0.0,2026-03-11,Wednesday,09Mar26
12:00:00,Oats,50.0,211,4.35,5.800000000000001,22.35,2.0,2026-03-12,Thursday,09Mar26
,Chia Seeds,20.0,85.39999999999999,3.8600000000000003,6.54,1.7399999999999998,5.6000000000000005,2026-03-12,Thursday,09Mar26
,Protein Powder,30.0,136.79999999999998,26.4,0.0,2.6399999999999997,2.28,2026-03-12,Thursday,09Mar26
,"Blueberry (100g, Frozen)",0.8,44,0.5599999999999999,2.0,10.0,0.5599999999999999,2026-03-12,Thursday,09Mar26
,Greek Yoghurt 0%,120.0,61.2,21.72,0.0,3.84,0.0,2026-03-12,Thursday,09Mar26
,Whole Milk,100.0,61,3.1,0.0,4.8,3.2,2026-03-12,Thursday,09Mar26
14:45:00,Protein Powder,20.0,91.19999999999999,17.6,0.0,1.7599999999999998,1.52,2026-03-12,Thursday,09Mar26
,Banana,2.0,210,2.6,6.0,54.0,0.6,2026-03-12,Thursday,09Mar26
,Light Milk (100ml),3.0,141,10.5,0.0,14.700000000000001,4.5,2026-03-12,Thursday,09Mar26
16:30:00,Fried Egg (no oil),2.0,180,12.6,0.0,0.6,14.0,2026-03-12,Thursday,09Mar26
,Turkey Steak (100g),1.0,110,24.0,0.0,0.5,1.0,2026-03-12,Thursday,09Mar26
,White Onion,1.0,60,1.5,2.5,14.0,0.0,2026-03-12,Thursday,09Mar26
,Red Pepper,1.0,37,1.2,2.5,7.0,0.3,2026-03-12,Thursday,09Mar26
,Olive Oil (1 tbsp),0.7,83.3,0.0,0.0,0.0,9.45,2026-03-12,Thursday,09Mar26
,White Bread (Slice),3.0,270,9.0,3.0,45.0,3.0,2026-03-12,Thursday,09Mar26
, MyProtein White Choc Brownie,1.0,307.5,23.0,1.2,31.0,10.0,2026-03-12,Thursday,09Mar26
,MyProtein Japanese Chicken Curry,1.0,306,32.1,1.9,32.3,4.9,2026-03-12,Thursday,09Mar26
,Itsu Dumplings (Half Pack),1.0,118,6.0,1.9,14.5,3.6,2026-03-12,Thursday,09Mar26
,Padding,2.0,200,0.0,0.0,0.0,0.0,2026-03-12,Thursday,09Mar26
11:00:00,Iced Matcha ,1.5,210,4.5,0.0,37.5,4.5,2026-03-13,Friday,09Mar26
,Nutella Cronut,0.75,450,4.5,1.5,33.75,27.75,2026-03-13,Friday,09Mar26
12:25:00,"Grilled Chicken Caesar Salad, Croutons, Garlic & Herb",1.0,400,30.0,4.0,20.0,25.0,2026-03-13,Friday,09Mar26
15:00:00,Banana,1.0,105,1.3,3.0,27.0,0.3,2026-03-13,Friday,09Mar26
,Protein Powder,10.0,45.599999999999994,8.8,0.0,0.8799999999999999,0.76,2026-03-13,Friday,09Mar26
20:15:00,Xian Black Bean Chicken,1.0,550,55.0,0.0,20.0,15.0,2026-03-13,Friday,09Mar26
,Xian Small Crispy Chilli Chicken,1.0,600,35.0,0.0,45.0,25.0,2026-03-13,Friday,09Mar26
,Iced Matcha ,1.5,210,4.5,0.0,37.5,4.5,2026-03-14,Saturday,09Mar26
,The Cellar Galway Scrambled Eggs and Smoked Salmon with Toast,1.0,710,46.0,1.8,33.0,45.0,2026-03-14,Saturday,09Mar26
,Turkey Burger (100g),2.0,210,38.0,2.8,7.0,2.8,2026-03-14,Saturday,09Mar26
,Frozen Berries,150.0,75,0.9,10.649999999999999,25.650000000000002,0.6,2026-03-14,Saturday,09Mar26
,White Onion,1.5,90,2.25,3.75,21.0,0.0,2026-03-14,Saturday,09Mar26
,Oats,50.0,211,4.35,5.800000000000001,22.35,2.0,2026-03-14,Saturday,09Mar26
,Chia Seeds,20.0,85.39999999999999,3.8600000000000003,6.54,1.7399999999999998,5.6000000000000005,2026-03-14,Saturday,09Mar26
,Protein Powder,30.0,136.79999999999998,26.4,0.0,2.6399999999999997,2.28,2026-03-14,Saturday,09Mar26
,Greek Yoghurt 0%,120.0,61.2,21.72,0.0,3.84,0.0,2026-03-14,Saturday,09Mar26
,Light Milk (100ml),1.0,47,3.5,0.0,4.9,1.5,2026-03-14,Saturday,09Mar26
,Clear Whey,1.0,88,20.0,0.0,0.0,0.0,2026-03-14,Saturday,09Mar26
,White Wrap,2.0,360,12.0,4.0,56.0,8.0,2026-03-15,Sunday,09Mar26
,Padding,17.0,1700,44.0,8.0,156.0,83.0,2026-03-15,Sunday,09Mar26
,Soup of the Day (SAP),1.0,200,6.0,6.0,32.0,5.0,2026-03-16,Monday,16Mar26
,SAP Chicken Roll,1.0,650,37.0,4.0,63.0,26.0,2026-03-16,Monday,16Mar26
,Feta Kale Sweet Potato Salad,1.0,200,6.0,4.0,22.0,9.0,2026-03-16,Monday,16Mar26
,Turkey Burger (100g),1.0,105,19.0,1.4,3.5,1.4,2026-03-16,Monday,16Mar26
17:00:00,Squares Bar (Chocolate),1.0,156,1.6,0.5,27.0,4.7,2026-03-16,Monday,16Mar26
15:00:00,Oats,50.0,211,4.35,5.800000000000001,22.35,2.0,2026-03-16,Monday,16Mar26
20:30:00,Chia Seeds,20.0,85.39999999999999,3.8600000000000003,6.54,1.7399999999999998,5.6000000000000005,2026-03-16,Monday,16Mar26
,Protein Powder,30.0,136.79999999999998,26.4,0.0,2.6399999999999997,2.28,2026-03-16,Monday,16Mar26
,"Blueberry (100g, Frozen)",0.8,44,0.5599999999999999,2.0,10.0,0.5599999999999999,2026-03-16,Monday,16Mar26
,Greek Yoghurt 0%,120.0,61.2,21.72,0.0,3.84,0.0,2026-03-16,Monday,16Mar26
,Light Milk (100ml),1.0,47,3.5,0.0,4.9,1.5,2026-03-16,Monday,16Mar26
20:30:00,Turkey Burger (100g),1.0,105,19.0,1.4,3.5,1.4,2026-03-16,Monday,16Mar26
,Traditional Chicken Salad Bowl (No Coleslaw No Mayo),1.0,400,30.0,4.0,20.0,15.0,2026-03-16,Monday,16Mar26
,White Wrap,1.0,180,6.0,2.0,28.0,4.0,2026-03-16,Monday,16Mar26
,Nutella Cronut,0.5,300,3.0,1.0,22.5,18.5,2026-03-20,Friday,16Mar26
,SAP Bacon & Cabbage with Mash,1.0,725,40.0,6.5,66.0,33.0,2026-03-20,Friday,16Mar26
,Soup of the Day (SAP),1.0,200,6.0,6.0,32.0,5.0,2026-03-20,Friday,16Mar26
,"Mixed Leaves (SAP, 200 kcal)",1.0,100,3.0,3.0,7.0,0.0,2026-03-20,Friday,16Mar26
,Traditional Chicken Salad Bowl (No Coleslaw No Mayo),1.0,400,30.0,4.0,20.0,15.0,2026-03-20,Friday,16Mar26
,Protein Powder,80.0,364.79999999999995,70.4,0.0,7.039999999999999,6.08,2026-03-20,Friday,16Mar26
,White Onion,1.0,60,1.5,2.5,14.0,0.0,2026-03-20,Friday,16Mar26
,Oats,50.0,211,4.35,5.800000000000001,22.35,2.0,2026-03-21,Saturday,16Mar26
,Chia Seeds,20.0,85.39999999999999,3.8600000000000003,6.54,1.7399999999999998,5.6000000000000005,2026-03-21,Saturday,16Mar26
,Protein Powder,40.0,182.39999999999998,35.2,0.0,3.5199999999999996,3.04,2026-03-21,Saturday,16Mar26
,"Blueberry (100g, Frozen)",0.8,44,0.5599999999999999,2.0,10.0,0.5599999999999999,2026-03-21,Saturday,16Mar26
,Greek Yoghurt 0%,100.0,51,18.099999999999998,0.0,3.2,0.0,2026-03-21,Saturday,16Mar26
,Light Milk (100ml),1.0,47,3.5,0.0,4.9,1.5,2026-03-21,Saturday,16Mar26
,Mooju Strawberry (500ml),1.0,345,22.0,0.0,53.5,5.0,2026-03-22,Sunday,16Mar26
,Tesco Deli Chicken Marinara Wrap,1.0,486,26.4,2.0,57.0,16.3,2026-03-22,Sunday,16Mar26
,Skyr Superberry,1.0,132,15.299999999999999,0.0,14.700000000000001,0.6000000000000001,2026-03-22,Sunday,16Mar26
,Gourmet Tart Mango Chia Pudding,1.0,226.20000000000002,5.8500000000000005,7.15,28.340000000000003,10.66,2026-03-22,Sunday,16Mar26
,Oats,50.0,211,4.35,5.800000000000001,22.35,2.0,2026-03-22,Sunday,16Mar26
,Chia Seeds,20.0,85.39999999999999,3.8600000000000003,6.54,1.7399999999999998,5.6000000000000005,2026-03-22,Sunday,16Mar26
,Protein Powder,30.0,136.79999999999998,26.4,0.0,2.6399999999999997,2.28,2026-03-22,Sunday,16Mar26
,"Blueberry (100g, Frozen)",0.8,44,0.5599999999999999,2.0,10.0,0.5599999999999999,2026-03-22,Sunday,16Mar26
,Greek Yoghurt 0%,120.0,61.2,21.72,0.0,3.84,0.0,2026-03-22,Sunday,16Mar26
,Light Milk (100ml),1.0,47,3.5,0.0,4.9,1.5,2026-03-22,Sunday,16Mar26
,Emmas Greek Salad,0.5,520,29.0,7.0,48.0,22.5,2026-03-22,Sunday,16Mar26
12:00:00,"Greek Odyssey Chicken Salad, Roast Veg Med (SAP)",1.0,500,35.0,5.0,20.0,18.0,2026-03-23,Monday,23Mar26
,Soup of the Day (SAP),1.0,200,6.0,6.0,32.0,5.0,2026-03-23,Monday,23Mar26
15:00:00,Oats,50.0,211,4.35,5.800000000000001,22.35,2.0,2026-03-23,Monday,23Mar26
,Chia Seeds,20.0,85.39999999999999,3.8600000000000003,6.54,1.7399999999999998,5.6000000000000005,2026-03-23,Monday,23Mar26
,Protein Powder,30.0,136.79999999999998,26.4,0.0,2.6399999999999997,2.28,2026-03-23,Monday,23Mar26
,"Blueberry (100g, Frozen)",0.8,44,0.5599999999999999,2.0,10.0,0.5599999999999999,2026-03-23,Monday,23Mar26
,Greek Yoghurt 0%,120.0,61.2,21.72,0.0,3.84,0.0,2026-03-23,Monday,23Mar26
,Light Milk (100ml),1.0,47,3.5,0.0,4.9,1.5,2026-03-23,Monday,23Mar26
,Padding,1.0,100,0.0,0.0,0.0,0.0,2026-03-23,Monday,23Mar26
17:00:00,Clear Whey,1.0,88,20.0,0.0,0.0,0.0,2026-03-23,Monday,23Mar26
,Fried Egg (no oil),2.0,180,12.6,0.0,0.6,14.0,2026-03-23,Monday,23Mar26
,Traditional Chicken Salad Bowl (No Coleslaw No Mayo),1.0,360,30.0,4.0,20.0,15.0,2026-03-23,Monday,23Mar26
17:40:00,Grenade Protein Bar (Oreo),0.9,208.8,18.900000000000002,0.81,18.0,9.0,2026-03-23,Monday,23Mar26
,Energise Sport,1.0,140,0.0,0.0,33.0,0.0,2026-03-23,Monday,23Mar26
12:00:00,"Greek Odyssey Chicken Salad, Roast Veg Med (SAP)",1.0,500,35.0,5.0,20.0,18.0,2026-03-24,Tuesday,23Mar26
,Soup of the Day (SAP),1.0,200,6.0,6.0,32.0,5.0,2026-03-24,Tuesday,23Mar26
15:30:00,Kiwi,2.0,92,1.8,3.2,21.6,0.6,2026-03-24,Tuesday,23Mar26
15:00:00,Oats,50.0,211,4.35,5.800000000000001,22.35,2.0,2026-03-24,Tuesday,23Mar26
17:30:00,Chia Seeds,30.0,128.1,5.79,9.81,2.61,8.4,2026-03-24,Tuesday,23Mar26
,Mutant Powder (Scoop),1.5,225,33.0,3.0,15.0,1.7999999999999998,2026-03-24,Tuesday,23Mar26
,Frozen Berries,50.0,25,0.3,3.55,8.55,0.2,2026-03-24,Tuesday,23Mar26
,Greek Yoghurt 0%,80.0,40.8,14.48,0.0,2.56,0.0,2026-03-24,Tuesday,23Mar26
,Light Milk (100ml),1.0,47,3.5,0.0,4.9,1.5,2026-03-24,Tuesday,23Mar26
,Clear Whey,1.0,88,20.0,0.0,0.0,0.0,2026-03-24,Tuesday,23Mar26
19:30:00,Traditional Chicken Salad Bowl (No Coleslaw No Mayo),1.0,360,30.0,4.0,20.0,15.0,2026-03-24,Tuesday,23Mar26
,Padding,1.8,180,0.0,0.0,0.0,0.0,2026-03-24,Tuesday,23Mar26
12:00:00,"Greek Odyssey Chicken Salad, Roast Veg Med (SAP)",1.0,500,35.0,5.0,20.0,18.0,2026-03-25,Wednesday,23Mar26
,Soup of the Day (SAP),1.0,200,6.0,6.0,32.0,5.0,2026-03-25,Wednesday,23Mar26
18:00:00,Oats,50.0,211,4.35,5.800000000000001,22.35,2.0,2026-03-25,Wednesday,23Mar26
,Chia Seeds,30.0,128.1,5.79,9.81,2.61,8.4,2026-03-25,Wednesday,23Mar26
,Mutant Powder (Scoop),1.5,225,33.0,3.0,15.0,1.7999999999999998,2026-03-25,Wednesday,23Mar26
,Frozen Berries,50.0,25,0.3,3.55,8.55,0.2,2026-03-25,Wednesday,23Mar26
,Greek Yoghurt 0%,80.0,40.8,14.48,0.0,2.56,0.0,2026-03-25,Wednesday,23Mar26
,Light Milk (100ml),1.0,47,3.5,0.0,4.9,1.5,2026-03-25,Wednesday,23Mar26
16:30:00,Kiwi,2.0,92,1.8,3.2,21.6,0.6,2026-03-25,Wednesday,23Mar26
,Banana,1.0,105,1.3,3.0,27.0,0.3,2026-03-25,Wednesday,23Mar26
19:00:00,Mutant Powder (Scoop),1.0,150,22.0,2.0,10.0,1.2,2026-03-25,Wednesday,23Mar26
,Traditional Chicken Salad Bowl (No Coleslaw No Mayo),1.0,360,30.0,4.0,20.0,15.0,2026-03-25,Wednesday,23Mar26
,Fried Egg (no oil),3.0,270,18.9,0.0,0.8999999999999999,21.0,2026-03-25,Wednesday,23Mar26
,Padding,3.6,360,0.0,0.0,0.0,0.0,2026-03-25,Wednesday,23Mar26
,White Wrap,2.0,360,12.0,4.0,56.0,8.0,2026-03-25,Wednesday,23Mar26
,White Bread (Slice),2.0,180,6.0,2.0,30.0,2.0,2026-03-25,Wednesday,23Mar26
12:00:00,Soup of the Day (SAP),1.0,200,6.0,6.0,32.0,5.0,2026-03-26,Thursday,23Mar26
,"Greek Odyssey Chicken Salad, Roast Veg Med (SAP)",1.0,500,35.0,5.0,20.0,18.0,2026-03-26,Thursday,23Mar26
14:45:00,Oats,50.0,211,4.35,5.800000000000001,22.35,2.0,2026-03-26,Thursday,23Mar26
18:30:00,Chia Seeds,20.0,85.39999999999999,3.8600000000000003,6.54,1.7399999999999998,5.6000000000000005,2026-03-26,Thursday,23Mar26
,Mutant Powder (Scoop),1.5,225,33.0,3.0,15.0,1.7999999999999998,2026-03-26,Thursday,23Mar26
,Frozen Berries,60.0,30,0.36,4.26,10.260000000000002,0.24,2026-03-26,Thursday,23Mar26
,Greek Yoghurt 0%,80.0,40.8,14.48,0.0,2.56,0.0,2026-03-26,Thursday,23Mar26
,Light Milk (100ml),1.0,47,3.5,0.0,4.9,1.5,2026-03-26,Thursday,23Mar26
15:45:00,Banana,2.0,210,2.6,6.0,54.0,0.6,2026-03-26,Thursday,23Mar26
,Clear Whey,1.0,88,20.0,0.0,0.0,0.0,2026-03-26,Thursday,23Mar26
19:30:00,Traditional Chicken Salad Bowl (No Coleslaw No Mayo),1.0,360,30.0,4.0,20.0,15.0,2026-03-26,Thursday,23Mar26
,Fried Egg (no oil),3.0,270,18.9,0.0,0.8999999999999999,21.0,2026-03-26,Thursday,23Mar26
,Padding,9.0,900,0.0,0.0,0.0,0.0,2026-03-26,Thursday,23Mar26
,"Greek Odyssey Chicken Salad, Roast Veg Med (SAP)",1.0,360,35.0,2.0,10.0,10.0,2026-03-27,Friday,23Mar26
,Oats,60.0,253.2,5.22,6.96,26.82,2.4,2026-03-27,Friday,23Mar26
,Chia Seeds,10.0,42.699999999999996,1.9300000000000002,3.27,0.8699999999999999,2.8000000000000003,2026-03-27,Friday,23Mar26
,Mutant Powder (Scoop),1.5,225,33.0,3.0,15.0,1.7999999999999998,2026-03-27,Friday,23Mar26
,Greek Yoghurt 0%,75.0,38.25,13.575,0.0,2.4,0.0,2026-03-27,Friday,23Mar26
,Light Milk (100ml),1.1,51.7,3.8500000000000005,0.0,5.390000000000001,1.6500000000000001,2026-03-27,Friday,23Mar26
,Clear Whey,2.0,176,40.0,0.0,0.0,0.0,2026-03-27,Friday,23Mar26
10:00:00,Chilli Lemon Prawns (100g),1.3,291.2,19.11,0.13,1.4300000000000002,22.490000000000002,2026-03-28,Saturday,23Mar26
,Banana,2.0,210,2.6,6.0,54.0,0.6,2026-03-28,Saturday,23Mar26
12:20:00,Protein Bar,1.0,211,21.0,0.0,20.0,10.0,2026-03-28,Saturday,23Mar26
,Energise Sport,1.0,140,0.0,0.0,33.0,0.0,2026-03-28,Saturday,23Mar26
,Oats,70.0,295.4,6.09,8.120000000000001,31.29,2.8000000000000003,2026-03-28,Saturday,23Mar26
,Chia Seeds,17.5,74.725,3.3775,5.7225,1.5225,4.9,2026-03-28,Saturday,23Mar26
,Mutant Powder (Scoop),1.5,225,33.0,3.0,15.0,1.7999999999999998,2026-03-28,Saturday,23Mar26
,Frozen Berries,80.0,40,0.48,5.68,13.680000000000001,0.32,2026-03-28,Saturday,23Mar26
,Greek Yoghurt 0%,120.0,61.2,21.72,0.0,3.84,0.0,2026-03-28,Saturday,23Mar26
,Light Milk (100ml),1.1,51.7,3.8500000000000005,0.0,5.390000000000001,1.6500000000000001,2026-03-28,Saturday,23Mar26
,Padding,1.0,100,0.0,0.0,0.0,0.0,2026-03-28,Saturday,23Mar26
,Carrot and Parsnip,1.25,93.75,1.375,2.125,20.0,0.625,2026-03-28,Saturday,23Mar26
,Garlic Hassleback Potatoes,1.3860000000000001,160.776,2.079,2.7720000000000002,19.404000000000003,7.623000000000001,2026-03-28,Saturday,23Mar26
,Kimchi Squash Mix,0.5,106,1.9,1.55,6.25,7.05,2026-03-28,Saturday,23Mar26
,Beef Medallion Steak,2.0,234,46.0,0.0,0.0,5.4,2026-03-28,Saturday,23Mar26
,Padding,1.4,140,0.0,0.0,0.0,0.0,2026-03-29,Sunday,23Mar26
,Iced Matcha ,1.0,140,3.0,0.0,25.0,3.0,2026-03-29,Sunday,23Mar26
,Oats,70.0,295.4,6.09,8.120000000000001,31.29,2.8000000000000003,2026-03-29,Sunday,23Mar26
,Chia Seeds,17.5,74.725,3.3775,5.7225,1.5225,4.9,2026-03-29,Sunday,23Mar26
,Mutant Powder (Scoop),1.5,225,33.0,3.0,15.0,1.7999999999999998,2026-03-29,Sunday,23Mar26
,Frozen Berries,200.0,100,1.2,14.2,34.2,0.8,2026-03-29,Sunday,23Mar26
,Greek Yoghurt 0%,120.0,61.2,21.72,0.0,3.84,0.0,2026-03-29,Sunday,23Mar26
,Light Milk (100ml),1.1,51.7,3.8500000000000005,0.0,5.390000000000001,1.6500000000000001,2026-03-29,Sunday,23Mar26
,Clear Whey,1.3,114.4,26.0,0.0,0.0,0.0,2026-03-29,Sunday,23Mar26
,MyProtein Whey Isolate,1.0,97,18.0,0.0,0.0,0.0,2026-03-29,Sunday,23Mar26
,Salmon Darne (100g),1.8,363.6,32.76,0.0,4.14,23.94,2026-03-30,Monday,30Mar26
,Red Lentils,150.0,195,14.1,15.9,78.0,0.9,2026-03-30,Monday,30Mar26
,Red Onion (100g),2.0,84,2.0,2.8,20.0,0.2,2026-03-30,Monday,30Mar26
,Fried Egg (no oil),2.0,180,12.6,0.0,0.6,14.0,2026-03-30,Monday,30Mar26
,McCoys Cheddar and Onion,1.0,237,3.3,2.0,24.0,14.0,2026-03-30,Monday,30Mar26
,White Bread (Slice),2.5,225,7.5,2.5,37.5,2.5,2026-03-30,Monday,30Mar26
,Apple Tart,0.61,154.94,2.013,0.305,26.23,4.575,2026-03-30,Monday,30Mar26
,Clear Whey,1.3,114.4,26.0,0.0,0.0,0.0,2026-03-30,Monday,30Mar26
,Oats,55.0,232.1,4.784999999999999,6.38,24.585,2.2,2026-03-30,Monday,30Mar26
,Chia Seeds,15.0,64.05,2.895,4.905,1.305,4.2,2026-03-30,Monday,30Mar26
,Mutant Powder (Scoop),1.5,225,33.0,3.0,15.0,1.7999999999999998,2026-03-30,Monday,30Mar26
,Frozen Berries,100.0,50,0.6,7.1,17.1,0.4,2026-03-30,Monday,30Mar26
,Greek Yoghurt 0%,120.0,61.2,21.72,0.0,3.84,0.0,2026-03-30,Monday,30Mar26
,Light Milk (100ml),1.0,47,3.5,0.0,4.9,1.5,2026-03-30,Monday,30Mar26
05:30:00,White Wrap,1.0,180,6.0,2.0,28.0,4.0,2026-03-31,Tuesday,30Mar26
,Green Apple,1.0,95,0.0,4.0,25.0,0.0,2026-03-31,Tuesday,30Mar26
,Clear Whey,1.3,114.4,26.0,0.0,0.0,0.0,2026-03-31,Tuesday,30Mar26
12:00:00,Soup of the Day (SAP),1.0,200,6.0,6.0,32.0,5.0,2026-03-31,Tuesday,30Mar26
,"Roast Chicken w/ Stuffing, Roast Root Veg, Chive Mash",1.0,650,45.0,6.0,55.0,22.0,2026-03-31,Tuesday,30Mar26
08:30:00,Oats,55.0,232.1,4.784999999999999,6.38,24.585,2.2,2026-03-31,Tuesday,30Mar26
16:45:00,Chia Seeds,15.0,64.05,2.895,4.905,1.305,4.2,2026-03-31,Tuesday,30Mar26
,Mutant Powder (Scoop),1.5,225,33.0,3.0,15.0,1.7999999999999998,2026-03-31,Tuesday,30Mar26
,Frozen Berries,100.0,50,0.6,7.1,17.1,0.4,2026-03-31,Tuesday,30Mar26
,Greek Yoghurt 0%,120.0,61.2,21.72,0.0,3.84,0.0,2026-03-31,Tuesday,30Mar26
,Light Milk (100ml),1.0,47,3.5,0.0,4.9,1.5,2026-03-31,Tuesday,30Mar26
,White Bread (Slice),4.0,360,12.0,4.0,60.0,4.0,2026-03-31,Tuesday,30Mar26
20:50:00,Cheddar Cheese Slice,3.0,234,15.600000000000001,0.0,1.5,19.200000000000003,2026-03-31,Tuesday,30Mar26
,Traditional Chicken Salad Bowl (No Coleslaw No Mayo),1.0,360,30.0,4.0,20.0,15.0,2026-03-31,Tuesday,30Mar26
12:00:00,Soup of the Day (SAP),1.0,200,6.0,6.0,32.0,5.0,2026-04-01,Wednesday,30Mar26
,"Roast Chicken w/ Stuffing, Roast Root Veg, Chive Mash",1.0,650,45.0,6.0,55.0,22.0,2026-04-01,Wednesday,30Mar26
,Focaccia with Whipped Honey & Chilli Butter,1.0,200,5.0,1.0,28.0,8.0,2026-04-01,Wednesday,30Mar26
16:00:00,Oats,50.0,211,4.35,5.800000000000001,22.35,2.0,2026-04-01,Wednesday,30Mar26
,Chia Seeds,10.0,42.699999999999996,1.9300000000000002,3.27,0.8699999999999999,2.8000000000000003,2026-04-01,Wednesday,30Mar26
,Mutant Powder (Scoop),1.5,225,33.0,3.0,15.0,1.7999999999999998,2026-04-01,Wednesday,30Mar26
,Frozen Berries,100.0,50,0.6,7.1,17.1,0.4,2026-04-01,Wednesday,30Mar26
,Greek Yoghurt 0%,120.0,61.2,21.72,0.0,3.84,0.0,2026-04-01,Wednesday,30Mar26
,Light Milk (100ml),1.0,47,3.5,0.0,4.9,1.5,2026-04-01,Wednesday,30Mar26
,Clear Whey,1.2,105.6,24.0,0.0,0.0,0.0,2026-04-01,Wednesday,30Mar26
19:30:00,Mixed Chicken,50.0,80,11.4,0.0,0.0,2.8000000000000003,2026-04-01,Wednesday,30Mar26
,Egg (Hardboiled),1.0,80,6.5,0.0,1.0,5.0,2026-04-01,Wednesday,30Mar26
,Protein Bar,1.0,211,21.0,0.0,20.0,10.0,2026-04-01,Wednesday,30Mar26
,Green Apple,1.0,95,0.0,4.0,25.0,0.0,2026-04-01,Wednesday,30Mar26
22:00:00,Tayto Bag,2.0,516,5.0,4.0,46.0,34.2,2026-04-01,Wednesday,30Mar26
,White Bread (Slice),4.0,360,12.0,4.0,60.0,4.0,2026-04-01,Wednesday,30Mar26
,Dairy Milk Nibbles Egg (100g),0.88,464.64,6.336,1.76,50.160000000000004,26.4,2026-04-01,Wednesday,30Mar26
10:00:00,White Bread (Slice),2.0,180,6.0,2.0,30.0,2.0,2026-04-02,Thursday,30Mar26
12:00:00,Oats,50.0,211,4.35,5.800000000000001,22.35,2.0,2026-04-02,Thursday,30Mar26
,Chia Seeds,10.0,42.699999999999996,1.9300000000000002,3.27,0.8699999999999999,2.8000000000000003,2026-04-02,Thursday,30Mar26
,Mutant Powder (Scoop),1.5,225,33.0,3.0,15.0,1.7999999999999998,2026-04-02,Thursday,30Mar26
,Frozen Berries,100.0,50,0.6,7.1,17.1,0.4,2026-04-02,Thursday,30Mar26
,Greek Yoghurt 0%,120.0,61.2,21.72,0.0,3.84,0.0,2026-04-02,Thursday,30Mar26
,Light Milk (100ml),1.0,47,3.5,0.0,4.9,1.5,2026-04-02,Thursday,30Mar26
15:15:00,Banana,1.0,105,1.3,3.0,27.0,0.3,2026-04-02,Thursday,30Mar26
,White Bread (Slice),10.0,900,30.0,10.0,150.0,10.0,2026-04-02,Thursday,30Mar26
19:30:00,Red Lentils,25.0,32.5,2.35,2.65,13.0,0.15,2026-04-02,Thursday,30Mar26
,Beef Medallion Steak,1.4,163.79999999999998,32.199999999999996,0.0,0.0,3.78,2026-04-02,Thursday,30Mar26
,Fried Egg (no oil),6.0,540,37.8,0.0,1.7999999999999998,42.0,2026-04-02,Thursday,30Mar26
,Red Onion (100g),1.0,42,1.0,1.4,10.0,0.1,2026-04-02,Thursday,30Mar26
12:00:00,Soup of the Day (SAP),2.0,400,12.0,12.0,64.0,10.0,2026-04-03,Friday,30Mar26
,"Roast Chicken w/ Stuffing, Roast Root Veg, Chive Mash",1.0,650,45.0,6.0,55.0,22.0,2026-04-03,Friday,30Mar26
,Banana,1.0,105,1.3,3.0,27.0,0.3,2026-04-03,Friday,30Mar26
,"Gala Wrap (White, G. Mayo, Breaded Fillet, Mozzarella, Veg)",1.0,850,45.0,4.0,70.0,43.0,2026-04-03,Friday,30Mar26
,Grenade Softcore Creme Egg Bar,1.0,172,14.0,2.5,15.0,8.2,2026-04-03,Friday,30Mar26
,Oats,33.0,139.26,2.871,3.8280000000000003,14.751,1.32,2026-04-03,Friday,30Mar26
21:00:00,Chia Seeds,10.0,42.699999999999996,1.9300000000000002,3.27,0.8699999999999999,2.8000000000000003,2026-04-03,Friday,30Mar26
,Mutant Powder (Scoop),0.66,99,14.520000000000001,1.32,6.6000000000000005,0.792,2026-04-03,Friday,30Mar26
,Frozen Berries,66.0,33,0.396,4.686,11.286000000000001,0.264,2026-04-03,Friday,30Mar26
,Greek Yoghurt 0%,80.0,40.8,14.48,0.0,2.56,0.0,2026-04-03,Friday,30Mar26
,Light Milk (100ml),0.66,31.020000000000003,2.31,0.0,3.2340000000000004,0.99,2026-04-03,Friday,30Mar26
,4 April Food,1.0,2700,80.0,11.0,310.0,135.0,2026-04-03,Friday,30Mar26
,5 April Food,1.0,4200,120.0,10.0,350.0,180.0,2026-04-04,Saturday,30Mar26
,6 April Food,1.0,2700,140.0,20.0,320.0,120.0,2026-04-05,Sunday,30Mar26
,Sausage,3.0,450,18.0,0.0,1.98,39.0,2026-04-07,Tuesday,07APR26
,Fried Egg (no oil),2.0,180,12.6,0.0,0.6,14.0,2026-04-07,Tuesday,07APR26
,Rasher,1.0,70,5.0,0.0,0.0,6.0,2026-04-07,Tuesday,07APR26
,Buffalo Chicken Tender Salad,1.0,400,26.0,3.0,32.0,22.0,2026-04-07,Tuesday,07APR26
,Cheesy Garlic Bread,1.0,200,7.0,2.0,25.0,9.0,2026-04-07,Tuesday,07APR26
,Soup of the Day (SAP),1.0,200,6.0,6.0,32.0,5.0,2026-04-07,Tuesday,07APR26
,Oats,50.0,211,4.35,5.800000000000001,22.35,2.0,2026-04-07,Tuesday,07APR26
,Chia Seeds,10.0,42.699999999999996,1.9300000000000002,3.27,0.8699999999999999,2.8000000000000003,2026-04-07,Tuesday,07APR26
,Mutant Powder (Scoop),1.5,225,33.0,3.0,15.0,1.7999999999999998,2026-04-07,Tuesday,07APR26
,Frozen Berries,100.0,50,0.6,7.1,17.1,0.4,2026-04-07,Tuesday,07APR26
,Greek Yoghurt 0%,120.0,61.2,21.72,0.0,3.84,0.0,2026-04-07,Tuesday,07APR26
,Light Milk (100ml),1.0,47,3.5,0.0,4.9,1.5,2026-04-07,Tuesday,07APR26
,Salmon Darne (100g),2.2,444.40000000000003,40.04,0.0,5.06,29.260000000000005,2026-04-07,Tuesday,07APR26
,White Bread (Slice),2.0,180,6.0,2.0,30.0,2.0,2026-04-07,Tuesday,07APR26
08:10:00,Banana,1.0,105,1.3,3.0,27.0,0.3,2026-04-08,Wednesday,07APR26
,White Bread (Slice),2.0,180,6.0,2.0,30.0,2.0,2026-04-08,Wednesday,07APR26
15:30:00,Oats,70.0,295.4,6.09,8.120000000000001,31.29,2.8000000000000003,2026-04-08,Wednesday,07APR26
17:25:00,Chia Seeds,15.0,64.05,2.895,4.905,1.305,4.2,2026-04-08,Wednesday,07APR26
,Protein Powder,25.0,113.99999999999999,22.0,0.0,2.1999999999999997,1.9,2026-04-08,Wednesday,07APR26
,Frozen Berries,100.0,50,0.6,7.1,17.1,0.4,2026-04-08,Wednesday,07APR26
,Greek Yoghurt 0%,120.0,61.2,21.72,0.0,3.84,0.0,2026-04-08,Wednesday,07APR26
,Light Milk (100ml),1.2,56.4,4.2,0.0,5.88,1.7999999999999998,2026-04-08,Wednesday,07APR26
12:10:00,Chicken and Baked Potato,1.0,600,42.0,6.0,55.0,18.0,2026-04-08,Wednesday,07APR26
,Soup of the Day (SAP),1.0,200,6.0,6.0,32.0,5.0,2026-04-08,Wednesday,07APR26
,Tray Bake ,1.0,280,5.0,1.0,32.0,15.0,2026-04-08,Wednesday,07APR26
14:45:00,Banana,1.8,189,2.3400000000000003,5.4,48.6,0.54,2026-04-08,Wednesday,07APR26
16:15:00,Clear Whey,1.3,114.4,26.0,0.0,0.0,0.0,2026-04-08,Wednesday,07APR26
,Greek Mini Pastry Swirls,1.0,134.5,3.9,0.75,14.3,6.7,2026-04-08,Wednesday,07APR26
,Hot Smoked Mackerel (100g),0.6,163.79999999999998,12.6,0.0,0.0,13.2,2026-04-08,Wednesday,07APR26
,Fried Egg (no oil),2.0,180,12.6,0.0,0.6,14.0,2026-04-08,Wednesday,07APR26
,Mixed Chicken,50.0,80,11.4,0.0,0.0,2.8000000000000003,2026-04-10,Friday,07APR26
,Egg (Hardboiled),1.0,80,6.5,0.0,1.0,5.0,2026-04-10,Friday,07APR26
,Tray Bake ,1.0,280,5.0,1.0,32.0,15.0,2026-04-10,Friday,07APR26
,Oats,70.0,295.4,6.09,8.120000000000001,31.29,2.8000000000000003,2026-04-10,Friday,07APR26
,Chia Seeds,15.0,64.05,2.895,4.905,1.305,4.2,2026-04-10,Friday,07APR26
,Protein Powder,25.0,113.99999999999999,22.0,0.0,2.1999999999999997,1.9,2026-04-10,Friday,07APR26
,Frozen Berries,100.0,50,0.6,7.1,17.1,0.4,2026-04-10,Friday,07APR26
,Greek Yoghurt 0%,120.0,61.2,21.72,0.0,3.84,0.0,2026-04-10,Friday,07APR26
,Light Milk (100ml),1.2,56.4,4.2,0.0,5.88,1.7999999999999998,2026-04-10,Friday,07APR26
,Protein Bar,1.0,211,21.0,0.0,20.0,10.0,2026-04-10,Friday,07APR26
,Oats,60.0,253.2,5.22,6.96,26.82,2.4,2026-04-11,Saturday,07APR26
,Chia Seeds,15.0,64.05,2.895,4.905,1.305,4.2,2026-04-11,Saturday,07APR26
,Protein Powder,25.0,113.99999999999999,22.0,0.0,2.1999999999999997,1.9,2026-04-11,Saturday,07APR26
,Frozen Berries,50.0,25,0.3,3.55,8.55,0.2,2026-04-11,Saturday,07APR26
,Greek Yoghurt 0%,130.0,66.3,23.529999999999998,0.0,4.16,0.0,2026-04-11,Saturday,07APR26
,Light Milk (100ml),1.2,56.4,4.2,0.0,5.88,1.7999999999999998,2026-04-11,Saturday,07APR26
,Birds Eye Fish Finger,5.0,290,17.5,1.25,26.25,12.5,2026-04-12,Sunday,07APR26
,White Wrap,3.0,540,18.0,6.0,84.0,12.0,2026-04-12,Sunday,07APR26
,Oats,60.0,253.2,5.22,6.96,26.82,2.4,2026-04-12,Sunday,07APR26
,Chia Seeds,15.0,64.05,2.895,4.905,1.305,4.2,2026-04-12,Sunday,07APR26
,Protein Powder,25.0,113.99999999999999,22.0,0.0,2.1999999999999997,1.9,2026-04-12,Sunday,07APR26
,Frozen Berries,50.0,25,0.3,3.55,8.55,0.2,2026-04-12,Sunday,07APR26
,Greek Yoghurt 0%,130.0,66.3,23.529999999999998,0.0,4.16,0.0,2026-04-12,Sunday,07APR26
,Light Milk (100ml),1.2,56.4,4.2,0.0,5.88,1.7999999999999998,2026-04-12,Sunday,07APR26
,Beef Medallion Steak,3.8,444.59999999999997,87.39999999999999,0.0,0.0,10.26,2026-04-12,Sunday,07APR26
,Red Lentils,75.0,97.5,7.05,7.95,39.0,0.45,2026-04-12,Sunday,07APR26
,Fried Egg (no oil),2.0,180,12.6,0.0,0.6,14.0,2026-04-14,Tuesday,13APR26
,Sausage,3.0,450,18.0,0.0,1.98,39.0,2026-04-14,Tuesday,13APR26
,SAP Porridge ,1.0,300,11.0,3.5,42.0,8.0,2026-04-14,Tuesday,13APR26
,Memphis Pulled Pork Pitta,1.0,600,38.0,7.0,60.0,30.0,2026-04-14,Tuesday,13APR26
,Veg Soup (SAP),1.0,200,6.0,5.0,33.0,6.0,2026-04-14,Tuesday,13APR26
,Egg (Hardboiled),1.0,80,6.5,0.0,1.0,5.0,2026-04-14,Tuesday,13APR26
,Mixed Chicken,100.0,160,22.8,0.0,0.0,5.6000000000000005,2026-04-14,Tuesday,13APR26
,GymFuel Fajita Wrap,1.0,370,22.0,9.0,42.0,11.0,2026-04-14,Tuesday,13APR26
,Energise Sport,1.5,210,0.0,0.0,49.5,0.0,2026-04-14,Tuesday,13APR26
,Bagel Thins (Buttered),1.5,270,9.0,4.5,36.0,15.0,2026-04-14,Tuesday,13APR26
,ATU Cookie,0.5,205,2.5,1.0,27.5,9.0,2026-04-14,Tuesday,13APR26
12:10:00,"Peri Peri Prawn Skewer, Lemon and Herb  Rice, Garlic and Smoked Paprika",1.0,450,28.0,4.0,42.0,12.0,2026-04-15,Wednesday,13APR26
,Tray Bake ,1.0,280,5.0,1.0,32.0,15.0,2026-04-15,Wednesday,13APR26
,Veg Soup (SAP),1.0,200,6.0,5.0,33.0,6.0,2026-04-15,Wednesday,13APR26
15:45:00,Traditional Chicken Salad Bowl (No Coleslaw No Mayo),1.0,360,30.0,4.0,20.0,15.0,2026-04-15,Wednesday,13APR26
,Banana,1.0,105,1.3,3.0,27.0,0.3,2026-04-15,Wednesday,13APR26
16:00:00,Oats,60.0,253.2,5.22,6.96,26.82,2.4,2026-04-15,Wednesday,13APR26
18:20:00,Chia Seeds,15.0,64.05,2.895,4.905,1.305,4.2,2026-04-15,Wednesday,13APR26
,Protein Powder,25.0,113.99999999999999,22.0,0.0,2.1999999999999997,1.9,2026-04-15,Wednesday,13APR26
,Frozen Berries,60.0,30,0.36,4.26,10.260000000000002,0.24,2026-04-15,Wednesday,13APR26
,Greek Yoghurt 0%,140.0,71.4,25.34,0.0,4.48,0.0,2026-04-15,Wednesday,13APR26
,Light Milk (100ml),1.2,56.4,4.2,0.0,5.88,1.7999999999999998,2026-04-15,Wednesday,13APR26
20:00:00,Beef Medallion Steak,1.9,222.29999999999998,43.699999999999996,0.0,0.0,5.13,2026-04-15,Wednesday,13APR26
,Egg (Hardboiled),2.0,160,13.0,0.0,2.0,10.0,2026-04-15,Wednesday,13APR26
,Microwaveable Rice 250g packet,1.0,378,8.6,5.6,70.0,0.0,2026-04-15,Wednesday,13APR26
12:00:00,Oats,60.0,253.2,5.22,6.96,26.82,2.4,2026-04-16,Thursday,13APR26
,Chia Seeds,15.0,64.05,2.895,4.905,1.305,4.2,2026-04-16,Thursday,13APR26
,Protein Powder,25.0,113.99999999999999,22.0,0.0,2.1999999999999997,1.9,2026-04-16,Thursday,13APR26
,Frozen Berries,60.0,30,0.36,4.26,10.260000000000002,0.24,2026-04-16,Thursday,13APR26
,Greek Yoghurt 0%,140.0,71.4,25.34,0.0,4.48,0.0,2026-04-16,Thursday,13APR26
,Light Milk (100ml),1.2,56.4,4.2,0.0,5.88,1.7999999999999998,2026-04-16,Thursday,13APR26
,White Bread (Slice),4.0,360,12.0,4.0,60.0,4.0,2026-04-16,Thursday,13APR26
,Bramwells Garlic Mayo (100g),0.1,26.700000000000003,0.06999999999999999,0.0,0.61,2.7,2026-04-16,Thursday,13APR26
,Nutella (100g),0.15,85.8,0.51,0.15,8.549999999999999,5.475,2026-04-16,Thursday,13APR26
,Brooklea Rice Pudding Strawberry (180g),1.0,178.20000000000002,5.4,1.08,31.0,3.6,2026-04-16,Thursday,13APR26
15:15:00,White Bread (Slice),4.0,360,12.0,4.0,60.0,4.0,2026-04-16,Thursday,13APR26
,Banana,1.0,105,1.3,3.0,27.0,0.3,2026-04-16,Thursday,13APR26
,Skinless Pollock (100g),2.1,149.1,33.6,0.0,0.0,1.6800000000000002,2026-04-16,Thursday,13APR26
,Olive Oil (1 tbsp),1.0,119,0.0,0.0,0.0,13.5,2026-04-16,Thursday,13APR26
,Honey (Tbsp),1.0,64,0.0,0.0,17.0,0.0,2026-04-16,Thursday,13APR26
,Tesco Iced Ring Donut,2.0,510,6.4,0.0,57.4,27.8,2026-04-16,Thursday,13APR26
20:30:00,Beef Medallion Steak,1.9,222.29999999999998,43.699999999999996,0.0,0.0,5.13,2026-04-16,Thursday,13APR26
,Egg (Hardboiled),2.0,160,13.0,0.0,2.0,10.0,2026-04-16,Thursday,13APR26
,Oats,60.0,253.2,5.22,6.96,26.82,2.4,2026-04-17,Friday,13APR26
,Chia Seeds,15.0,64.05,2.895,4.905,1.305,4.2,2026-04-17,Friday,13APR26
,Protein Powder,25.0,113.99999999999999,22.0,0.0,2.1999999999999997,1.9,2026-04-17,Friday,13APR26
,Frozen Berries,60.0,30,0.36,4.26,10.260000000000002,0.24,2026-04-17,Friday,13APR26
,Greek Yoghurt 0%,125.0,63.75,22.625,0.0,4.0,0.0,2026-04-17,Friday,13APR26
,Light Milk (100ml),1.2,56.4,4.2,0.0,5.88,1.7999999999999998,2026-04-17,Friday,13APR26
,Salmon Darne (100g),,0,0.0,0.0,0.0,0.0,2026-04-17,Friday,13APR26
,Egg (Hardboiled),5.0,400,32.5,0.0,5.0,25.0,2026-04-17,Friday,13APR26
,Soup of the Day (SAP),1.5,300,9.0,9.0,48.0,7.5,2026-04-21,Tuesday,20APR26
,Chicken Tikka and Rice with Poppadom and Chutney,1.0,400,30.0,4.0,40.0,10.0,2026-04-21,Tuesday,20APR26
,Tray Bake ,1.1,308,5.5,1.1,35.2,16.5,2026-04-21,Tuesday,20APR26
,Egg (Hardboiled),3.0,240,19.5,0.0,3.0,15.0,2026-04-21,Tuesday,20APR26
,Banana,1.0,105,1.3,3.0,27.0,0.3,2026-04-21,Tuesday,20APR26
,Padding,3.0,300,0.0,0.0,75.0,0.0,2026-04-21,Tuesday,20APR26
,Oats,60.0,253.2,5.22,6.96,26.82,2.4,2026-04-21,Tuesday,20APR26
,Chia Seeds,15.0,64.05,2.895,4.905,1.305,4.2,2026-04-21,Tuesday,20APR26
,Protein Powder,25.0,113.99999999999999,22.0,0.0,2.1999999999999997,1.9,2026-04-21,Tuesday,20APR26
,Frozen Berries,60.0,30,0.36,4.26,10.260000000000002,0.24,2026-04-21,Tuesday,20APR26
,Greek Yoghurt 0%,125.0,63.75,22.625,0.0,4.0,0.0,2026-04-21,Tuesday,20APR26
,Light Milk (100ml),1.2,56.4,4.2,0.0,5.88,1.7999999999999998,2026-04-21,Tuesday,20APR26
,Egg (Hardboiled),1.0,80,6.5,0.0,1.0,5.0,2026-04-21,Tuesday,20APR26
,Clear Whey,1.5,132,30.0,0.0,0.0,0.0,2026-04-21,Tuesday,20APR26
,Mixed Chicken,50.0,80,11.4,0.0,0.0,2.8000000000000003,2026-04-21,Tuesday,20APR26
06:15:00,Banana,1.0,105,1.3,3.0,27.0,0.3,2026-04-22,Wednesday,20APR26
,White Bread (Slice),2.0,180,6.0,2.0,30.0,2.0,2026-04-22,Wednesday,20APR26
,Clear Whey,1.2,105.6,24.0,0.0,0.0,0.0,2026-04-22,Wednesday,20APR26
09:00:00,Oats,60.0,253.2,5.22,6.96,26.82,2.4,2026-04-22,Wednesday,20APR26
16:00:00,Chia Seeds,15.0,64.05,2.895,4.905,1.305,4.2,2026-04-22,Wednesday,20APR26
,Protein Powder,25.0,113.99999999999999,22.0,0.0,2.1999999999999997,1.9,2026-04-22,Wednesday,20APR26
,Frozen Berries,60.0,30,0.36,4.26,10.260000000000002,0.24,2026-04-22,Wednesday,20APR26
,Greek Yoghurt 0%,125.0,63.75,22.625,0.0,4.0,0.0,2026-04-22,Wednesday,20APR26
,Light Milk (100ml),1.2,56.4,4.2,0.0,5.88,1.7999999999999998,2026-04-22,Wednesday,20APR26
12:00:00,Soup of the Day (SAP),1.5,300,9.0,9.0,48.0,7.5,2026-04-22,Wednesday,20APR26
,Chicken Tikka and Rice with Poppadom and Chutney,1.5,600,45.0,6.0,60.0,15.0,2026-04-22,Wednesday,20APR26
,Tray Bake ,1.0,280,5.0,1.0,32.0,15.0,2026-04-22,Wednesday,20APR26
19:00:00,Aldi White Chocolate Strawberry Egg (100g),1.0,559,6.0,0.4,55.1,34.9,2026-04-22,Wednesday,20APR26
,Apple Tart,1.0,254,3.3,0.5,43.0,7.5,2026-04-22,Wednesday,20APR26
,Mixed Chicken,50.0,80,11.4,0.0,0.0,2.8000000000000003,2026-04-22,Wednesday,20APR26
12:00:00,White Wrap,2.0,360,12.0,4.0,56.0,8.0,2026-04-23,Thursday,20APR26
,Soy Marinated Fish with Potatoes and Peas,1.0,650,38.0,5.0,50.0,25.0,2026-04-23,Thursday,20APR26
16:00:00,Traditional Chicken Salad Bowl (No Coleslaw No Mayo),1.0,360,30.0,4.0,20.0,15.0,2026-04-23,Thursday,20APR26
,Banana,1.0,105,1.3,3.0,27.0,0.3,2026-04-23,Thursday,20APR26
08:30:00,Oats,45.0,189.89999999999998,3.9149999999999996,5.220000000000001,20.115000000000002,1.8,2026-04-23,Thursday,20APR26
14:30:00,Chia Seeds,15.0,64.05,2.895,4.905,1.305,4.2,2026-04-23,Thursday,20APR26
17:30:00,Protein Powder,25.0,113.99999999999999,22.0,0.0,2.1999999999999997,1.9,2026-04-23,Thursday,20APR26
,Frozen Berries,50.0,25,0.3,3.55,8.55,0.2,2026-04-23,Thursday,20APR26
,Greek Yoghurt 0%,200.0,102,36.199999999999996,0.0,6.4,0.0,2026-04-23,Thursday,20APR26
,Light Milk (100ml),1.2,56.4,4.2,0.0,5.88,1.7999999999999998,2026-04-23,Thursday,20APR26
,Striploin Steak (100g),0.9,180,18.900000000000002,0.0,0.0,11.700000000000001,2026-04-23,Thursday,20APR26
,Fried Egg (no oil),4.0,360,25.2,0.0,1.2,28.0,2026-04-25,Saturday,20APR26
,Sausage,3.0,450,18.0,0.0,1.98,39.0,2026-04-25,Saturday,20APR26
,Rasher,3.0,210,15.0,0.0,0.0,18.0,2026-04-25,Saturday,20APR26
,Green Apple,2.0,190,0.0,8.0,50.0,0.0,2026-04-25,Saturday,20APR26
,White Bread (Slice),2.0,180,6.0,2.0,30.0,2.0,2026-04-25,Saturday,20APR26
,Olive Oil (1 tbsp),2.0,238,0.0,0.0,0.0,27.0,2026-04-25,Saturday,20APR26
,Deli Wrap (Whole Chicken),1.0,625,60.0,3.0,50.0,19.0,2026-04-27,Monday,27APR26
,Tayto Bag,2.0,516,5.0,4.0,46.0,34.2,2026-04-27,Monday,27APR26
,Oats,90.0,379.79999999999995,7.829999999999999,10.440000000000001,40.230000000000004,3.6,2026-04-27,Monday,27APR26
,Chia Seeds,30.0,128.1,5.79,9.81,2.61,8.4,2026-04-27,Monday,27APR26
,Protein Powder,50.0,227.99999999999997,44.0,0.0,4.3999999999999995,3.8,2026-04-27,Monday,27APR26
,Frozen Berries,100.0,50,0.6,7.1,17.1,0.4,2026-04-27,Monday,27APR26
,Greek Yoghurt 0%,400.0,204,72.39999999999999,0.0,12.8,0.0,2026-04-27,Monday,27APR26
,Light Milk (100ml),2.4,112.8,8.4,0.0,11.76,3.5999999999999996,2026-04-27,Monday,27APR26
12:00:00,Jerk Chicken,1.0,500,45.0,8.0,30.0,15.0,2026-04-28,Tuesday,27APR26
,Corn on the Cob Tandoori,1.0,200,4.0,3.0,35.0,7.0,2026-04-28,Tuesday,27APR26
,Melon Bowl,1.0,60,1.0,1.0,15.0,1.0,2026-04-28,Tuesday,27APR26
13:20:00,Banana,1.0,105,1.3,3.0,27.0,0.3,2026-04-28,Tuesday,27APR26
14:30:00,Banana,1.0,105,1.3,3.0,27.0,0.3,2026-04-28,Tuesday,27APR26
16:30:00,Skinless Pollock (100g),2.7,191.70000000000002,43.2,0.0,0.0,2.16,2026-04-28,Tuesday,27APR26
,Egg (Hardboiled),1.0,80,6.5,0.0,1.0,5.0,2026-04-28,Tuesday,27APR26
,Mixed Chicken,50.0,80,11.4,0.0,0.0,2.8000000000000003,2026-04-28,Tuesday,27APR26
20:00:00,Fried Egg (no oil),2.0,180,12.6,0.0,0.6,14.0,2026-04-28,Tuesday,27APR26
,Light Milk (100ml),9.0,423,31.5,0.0,44.1,13.5,2026-04-28,Tuesday,27APR26
,Fried Egg White,3.0,51,10.8,0.0,0.0,0.30000000000000004,2026-04-28,Tuesday,27APR26
06:00:00,Banana,1.0,105,1.3,3.0,27.0,0.3,2026-04-29,Wednesday,27APR26
,White Wrap,1.0,180,6.0,2.0,28.0,4.0,2026-04-29,Wednesday,27APR26
,Lucozade,3.5,129.5,0.0,0.0,28.0,3.5,2026-04-29,Wednesday,27APR26
09:00:00,Oats,45.0,189.89999999999998,3.9149999999999996,5.220000000000001,20.115000000000002,1.8,2026-04-29,Wednesday,27APR26
,Chia Seeds,15.0,64.05,2.895,4.905,1.305,4.2,2026-04-29,Wednesday,27APR26
,Protein Powder,25.0,113.99999999999999,22.0,0.0,2.1999999999999997,1.9,2026-04-29,Wednesday,27APR26
,Frozen Berries,50.0,25,0.3,3.55,8.55,0.2,2026-04-29,Wednesday,27APR26
,Greek Yoghurt 0%,150.0,76.5,27.15,0.0,4.8,0.0,2026-04-29,Wednesday,27APR26
,Light Milk (100ml),1.5,70.5,5.25,0.0,7.3500000000000005,2.25,2026-04-29,Wednesday,27APR26
12:00:00,Jerk Chicken,1.0,500,45.0,8.0,30.0,15.0,2026-04-29,Wednesday,27APR26
,Corn on the Cob Tandoori,1.0,200,4.0,3.0,35.0,7.0,2026-04-29,Wednesday,27APR26
,Mixed Leaves (SAP),0.15,30,0.3,0.525,1.5,1.2,2026-04-29,Wednesday,27APR26
,Clear Whey,1.2,105.6,24.0,0.0,0.0,0.0,2026-04-29,Wednesday,27APR26
19:30:00,Fried Egg (no oil),3.0,270,18.9,0.0,0.8999999999999999,21.0,2026-04-29,Wednesday,27APR26
,Fried Egg White,2.0,34,7.2,0.0,0.0,0.2,2026-04-29,Wednesday,27APR26
,ATU Cookie,0.5,205,2.5,1.0,27.5,9.0,2026-04-29,Wednesday,27APR26
,Fried Egg (no oil),5.0,450,31.5,0.0,1.5,35.0,2026-04-30,Thursday,27APR26
,White Bread (Slice),5.0,450,15.0,5.0,75.0,5.0,2026-04-30,Thursday,27APR26
,Olive Oil (1 tbsp),0.5,59.5,0.0,0.0,0.0,6.75,2026-04-30,Thursday,27APR26
,Banana,1.0,105,1.3,3.0,27.0,0.3,2026-04-30,Thursday,27APR26
,Protein Bar,1.0,211,21.0,0.0,20.0,10.0,2026-04-30,Thursday,27APR26
,cowbelle protein drink,2.0,398,51.0,0.0,43.0,2.4,2026-04-30,Thursday,27APR26
,Padding,2.0,200,0.0,0.0,0.0,0.0,2026-04-30,Thursday,27APR26
,McNugget (1),10.0,430,23.0,0.0,25.0,25.0,2026-04-30,Thursday,27APR26
,Chicken Goujon Caesar Wrap and Chips (Huntsmen Inn),1.0,1320,51.0,6.0,110.0,74.0,2026-05-01,Friday,27APR26
,Oats,40.0,168.79999999999998,3.4799999999999995,4.640000000000001,17.88,1.6,2026-05-01,Friday,27APR26
,Chia Seeds,15.0,64.05,2.895,4.905,1.305,4.2,2026-05-01,Friday,27APR26
,Protein Powder,24.0,109.44,21.12,0.0,2.112,1.8239999999999998,2026-05-01,Friday,27APR26
,Greek Yoghurt 0%,125.0,63.75,22.625,0.0,4.0,0.0,2026-05-01,Friday,27APR26
,Light Milk (100ml),1.0,47,3.5,0.0,4.9,1.5,2026-05-01,Friday,27APR26
,Lidl Milbona High-Protein Pudding 200g,3.0,480,60.0,0.0,30.0,10.5,2026-05-01,Friday,27APR26
,Protein Powder,40.0,182.39999999999998,35.2,0.0,3.5199999999999996,3.04,2026-05-02,Saturday,27APR26
,Iced Matcha ,1.0,140,3.0,0.0,25.0,3.0,2026-05-02,Saturday,27APR26
,Lidl High protein chicken wrap,1.0,369,24.0,2.0,54.0,11.0,2026-05-02,Saturday,27APR26
,Oats,40.0,168.79999999999998,3.4799999999999995,4.640000000000001,17.88,1.6,2026-05-02,Saturday,27APR26
,Chia Seeds,15.0,64.05,2.895,4.905,1.305,4.2,2026-05-02,Saturday,27APR26
,Protein Powder,25.0,113.99999999999999,22.0,0.0,2.1999999999999997,1.9,2026-05-02,Saturday,27APR26
,Greek Yoghurt 0%,125.0,63.75,22.625,0.0,4.0,0.0,2026-05-02,Saturday,27APR26
,Light Milk (100ml),1.0,47,3.5,0.0,4.9,1.5,2026-05-02,Saturday,27APR26
,Fried Egg (no oil),5.0,450,31.5,0.0,1.5,35.0,2026-05-02,Saturday,27APR26
,Polish Pepperami,1.0,147,7.4,0.0,1.4,12.5,2026-05-02,Saturday,27APR26
,"Hake with Lemon and Garlic (Aldi, 100g)",1.25,146.25,22.25,0.0,1.125,5.875,2026-05-02,Saturday,27APR26
,Sweet Potato (100g) ,0.6435,55.340999999999994,1.0296,1.9304999999999999,12.87,0.06435,2026-05-02,Saturday,27APR26
,Oats,57.0,240.54,4.959,6.612,25.479,2.2800000000000002,2026-05-03,Sunday,27APR26
,Chia Seeds,15.0,64.05,2.895,4.905,1.305,4.2,2026-05-03,Sunday,27APR26
,Protein Powder,37.5,170.99999999999997,33.0,0.0,3.3,2.85,2026-05-03,Sunday,27APR26
,Greek Yoghurt 0%,150.0,76.5,27.15,0.0,4.8,0.0,2026-05-03,Sunday,27APR26
,Clonbawn Protein Milk 100ml,1.5,72,7.6499999999999995,0.0,7.3500000000000005,1.35,2026-05-03,Sunday,27APR26
,Green Apple,0.6,57,0.0,2.4,15.0,0.0,2026-05-03,Sunday,27APR26
,Centra Salted Caramel Protein Pudding,3.0,462,60.0,0.0,54.0,1.5,2026-05-03,Sunday,27APR26
,Fried Egg (no oil),4.0,360,25.2,0.0,1.2,28.0,2026-05-03,Sunday,27APR26
,Egg Yolk,3.0,180,9.0,0.0,0.0,18.0,2026-05-03,Sunday,27APR26
,Spiced Rum (35ml),18.0,1350,0.0,0.0,0.0,0.0,2026-05-03,Sunday,27APR26
,Oats,57.0,240.54,4.959,6.612,25.479,2.2800000000000002,2026-05-05,Tuesday,04MAY26
,Chia Seeds,15.0,64.05,2.895,4.905,1.305,4.2,2026-05-05,Tuesday,04MAY26
,Protein Powder,37.5,170.99999999999997,33.0,0.0,3.3,2.85,2026-05-05,Tuesday,04MAY26
,Greek Yoghurt 0%,150.0,76.5,27.15,0.0,4.8,0.0,2026-05-05,Tuesday,04MAY26
,Clonbawn Protein Milk 100ml,1.5,72,7.6499999999999995,0.0,7.3500000000000005,1.35,2026-05-05,Tuesday,04MAY26
,Avonmore Protein Gold Milk,1.0,275,34.0,0.0,24.5,5.0,2026-05-05,Tuesday,04MAY26
,Tesco Deli Breakfast Wrap,1.0,487,17.5,4.0,56.1,20.1,2026-05-05,Tuesday,04MAY26
,Egg (Hardboiled),2.0,160,13.0,0.0,2.0,10.0,2026-05-05,Tuesday,04MAY26
,Naturis Strawberry and Banana  Smoothie (100ml),3.0,147,1.5,2.0999999999999996,33.3,0.0,2026-05-05,Tuesday,04MAY26
,Fried Egg (no oil),2.0,180,12.6,0.0,0.6,14.0,2026-05-05,Tuesday,04MAY26
,Walnuts,30.0,196.2,4.5,0.0,4.2,19.5,2026-05-07,Thursday,04MAY26
,White Bread (Slice),2.0,180,6.0,2.0,30.0,2.0,2026-05-07,Thursday,04MAY26
,Slice Ham,5.0,120,20.0,0.0,2.5,3.5,2026-05-07,Thursday,04MAY26
,Light Milk (100ml),5.0,235,17.5,0.0,24.5,7.5,2026-05-07,Thursday,04MAY26
,Egg (Hardboiled),1.0,80,6.5,0.0,1.0,5.0,2026-05-07,Thursday,04MAY26
,Avonmore Protein Gold Milk,1.0,275,34.0,0.0,24.5,5.0,2026-05-07,Thursday,04MAY26
,Tesco Deli Breakfast Wrap,1.0,487,17.5,4.0,56.1,20.1,2026-05-07,Thursday,04MAY26
,"Hake with Lemon and Garlic (Aldi, 100g)",2.0,234,35.6,0.0,1.8,9.4,2026-05-07,Thursday,04MAY26
13:00:00,"Buttermilk Mexican Chicken Thighs, Cajun and Lemon Wedges, Salsa and Chimicurri",1.0,500,45.0,2.0,20.0,15.0,2026-05-08,Friday,04MAY26
,Tray Bake ,0.5,140,2.5,0.5,16.0,7.5,2026-05-08,Friday,04MAY26
14:00:00,Banana,,0,0.0,0.0,0.0,0.0,2026-05-08,Friday,04MAY26
17:00:00,Egg (Hardboiled),4.0,320,26.0,0.0,4.0,20.0,2026-05-08,Friday,04MAY26
,Mixed Chicken,125.0,200,28.5,0.0,0.0,7.0,2026-05-08,Friday,04MAY26
,Red Lentils,100.0,130,9.4,10.6,52.0,0.6,2026-05-08,Friday,04MAY26
,Walnuts,10.0,65.4,1.5,0.0,1.4000000000000001,6.5,2026-05-08,Friday,04MAY26
20:45:00,Oats,26.7,112.67399999999999,2.3228999999999997,3.0972,11.9349,1.068,2026-05-08,Friday,04MAY26
,Greek Yoghurt 0%,100.0,51,18.099999999999998,0.0,3.2,0.0,2026-05-08,Friday,04MAY26
,Chia Seeds,15.0,64.05,2.895,4.905,1.305,4.2,2026-05-08,Friday,04MAY26
,Light Milk (100ml),1.0,47,3.5,0.0,4.9,1.5,2026-05-08,Friday,04MAY26
,Protein Powder,30.0,136.79999999999998,26.4,0.0,2.6399999999999997,2.28,2026-05-08,Friday,04MAY26
,Oats,26.7,112.67399999999999,2.3228999999999997,3.0972,11.9349,1.068,2026-05-09,Saturday,04MAY26
,Greek Yoghurt 0%,100.0,51,18.099999999999998,0.0,3.2,0.0,2026-05-09,Saturday,04MAY26
,Chia Seeds,15.0,64.05,2.895,4.905,1.305,4.2,2026-05-09,Saturday,04MAY26
,Light Milk (100ml),1.0,47,3.5,0.0,4.9,1.5,2026-05-09,Saturday,04MAY26
,Protein Powder,30.0,136.79999999999998,26.4,0.0,2.6399999999999997,2.28,2026-05-09,Saturday,04MAY26
,Egg (Hardboiled),1.0,80,6.5,0.0,1.0,5.0,2026-05-09,Saturday,04MAY26
,Mixed Chicken,125.0,200,28.5,0.0,0.0,7.0,2026-05-09,Saturday,04MAY26
,Red Lentils,150.0,195,14.1,15.9,78.0,0.9,2026-05-09,Saturday,04MAY26
,Walnuts,10.0,65.4,1.5,0.0,1.4000000000000001,6.5,2026-05-09,Saturday,04MAY26
,Banana,1.0,105,1.3,3.0,27.0,0.3,2026-05-09,Saturday,04MAY26
,Salmon Darne (100g),2.25,454.5,40.949999999999996,0.0,5.175,29.925,2026-05-09,Saturday,04MAY26
,"Buttermilk Mexican Chicken Thighs, Cajun and Lemon Wedges, Salsa and Chimicurri",1.0,500,30.0,2.0,20.0,15.0,2026-05-09,Saturday,04MAY26
,Oats,26.7,112.67399999999999,2.3228999999999997,3.0972,11.9349,1.068,2026-05-10,Sunday,04MAY26
,Greek Yoghurt 0%,100.0,51,18.099999999999998,0.0,3.2,0.0,2026-05-10,Sunday,04MAY26
,Chia Seeds,15.0,64.05,2.895,4.905,1.305,4.2,2026-05-10,Sunday,04MAY26
,Light Milk (100ml),1.0,47,3.5,0.0,4.9,1.5,2026-05-10,Sunday,04MAY26
,Protein Powder,30.0,136.79999999999998,26.4,0.0,2.6399999999999997,2.28,2026-05-10,Sunday,04MAY26
,Egg (Hardboiled),4.0,320,26.0,0.0,4.0,20.0,2026-05-10,Sunday,04MAY26
,Red Lentils,150.0,195,14.1,15.9,78.0,0.9,2026-05-10,Sunday,04MAY26
,Walnuts,10.0,65.4,1.5,0.0,1.4000000000000001,6.5,2026-05-10,Sunday,04MAY26
,Salmon Darne (100g),2.25,454.5,40.949999999999996,0.0,5.175,29.925,2026-05-10,Sunday,04MAY26
,Clear Whey,1.4,123.19999999999999,28.0,0.0,0.0,0.0,2026-05-10,Sunday,04MAY26
,Light Milk (100ml),4.0,188,14.0,0.0,19.6,6.0,2026-05-10,Sunday,04MAY26
,Oats,30.0,126.6,2.61,3.48,13.41,1.2,2026-05-11,Monday,11MAY26
,Greek Yoghurt 0%,125.0,63.75,22.625,0.0,4.0,0.0,2026-05-11,Monday,11MAY26
,Chia Seeds,15.0,64.05,2.895,4.905,1.305,4.2,2026-05-11,Monday,11MAY26
,Light Milk (100ml),1.25,58.75,4.375,0.0,6.125,1.875,2026-05-11,Monday,11MAY26
,Protein Powder,30.0,136.79999999999998,26.4,0.0,2.6399999999999997,2.28,2026-05-11,Monday,11MAY26
,Mixed Chicken,150.0,240,34.2,0.0,0.0,8.4,2026-05-11,Monday,11MAY26
,White Bread (Slice),4.0,360,12.0,4.0,60.0,4.0,2026-05-11,Monday,11MAY26
,Honey (Tbsp),1.4,89.6,0.0,0.0,23.799999999999997,0.0,2026-05-11,Monday,11MAY26
,Fried Egg (no oil),5.0,450,31.5,0.0,1.5,35.0,2026-05-11,Monday,11MAY26
,"Chicken Skin, Oven Baked (100g)",0.8,359.20000000000005,15.600000000000001,0.0,0.0,32.56,2026-05-11,Monday,11MAY26
,Protein Powder,32.0,145.92,28.16,0.0,2.816,2.432,2026-05-11,Monday,11MAY26
08:30:00,Oats,30.0,126.6,2.61,3.48,13.41,1.2,2026-05-12,Tuesday,11MAY26
17:30:00,Greek Yoghurt 0%,125.0,63.75,22.625,0.0,4.0,0.0,2026-05-12,Tuesday,11MAY26
,Chia Seeds,15.0,64.05,2.895,4.905,1.305,4.2,2026-05-12,Tuesday,11MAY26
,Light Milk (100ml),1.25,58.75,4.375,0.0,6.125,1.875,2026-05-12,Tuesday,11MAY26
,Protein Powder,30.0,136.79999999999998,26.4,0.0,2.6399999999999997,2.28,2026-05-12,Tuesday,11MAY26
12:00:00,Mega Roast Chicken and Champ Plus Gravy,1.0,700,56.0,4.0,53.0,23.0,2026-05-12,Tuesday,11MAY26
,Mixed Chicken,50.0,80,11.4,0.0,0.0,2.8000000000000003,2026-05-12,Tuesday,11MAY26
14:25:00,Banana,1.0,105,1.3,3.0,27.0,0.3,2026-05-12,Tuesday,11MAY26
19:00:00,Mixed Chicken,,0,0.0,0.0,0.0,0.0,2026-05-12,Tuesday,11MAY26
,Fried Egg (no oil),,0,0.0,0.0,0.0,0.0,2026-05-12,Tuesday,11MAY26
,Fish and Chips Fillet,1.0,600,30.0,0.0,30.0,20.0,2026-05-12,Tuesday,11MAY26
,Oats,30.0,126.6,2.61,3.48,13.41,1.2,2026-05-13,Wednesday,11MAY26
,Greek Yoghurt 0%,125.0,63.75,22.625,0.0,4.0,0.0,2026-05-13,Wednesday,11MAY26
,Chia Seeds,15.0,64.05,2.895,4.905,1.305,4.2,2026-05-13,Wednesday,11MAY26
,Light Milk (100ml),1.25,58.75,4.375,0.0,6.125,1.875,2026-05-13,Wednesday,11MAY26
,Protein Powder,30.0,136.79999999999998,26.4,0.0,2.6399999999999997,2.28,2026-05-13,Wednesday,11MAY26
,Roast Chicken With Mash Normal,1.0,600,45.0,4.0,50.0,21.0,2026-05-13,Wednesday,11MAY26
,Banana,2.0,210,2.6,6.0,54.0,0.6,2026-05-13,Wednesday,11MAY26
,Mixed Chicken,120.0,192,27.36,0.0,0.0,6.72,2026-05-13,Wednesday,11MAY26
,Chicken Shawarma ,1.0,400,30.0,4.0,50.0,20.0,2026-05-13,Wednesday,11MAY26
,Roast Chicken With Mash Normal,1.0,600,45.0,4.0,50.0,21.0,2026-05-15,Friday,11MAY26
,Tray Bake ,1.5,420,7.5,1.5,48.0,22.5,2026-05-15,Friday,11MAY26
,Soup of the Day (SAP),1.0,200,6.0,6.0,32.0,5.0,2026-05-15,Friday,11MAY26
,Banana,1.0,105,1.3,3.0,27.0,0.3,2026-05-15,Friday,11MAY26
,Roast Chicken With Mash Normal,1.0,600,45.0,4.0,50.0,21.0,2026-05-15,Friday,11MAY26
,Lidl Protein Drink,1.0,214,35.0,0.0,17.4,0.6,2026-05-15,Friday,11MAY26
,Banana,2.0,210,2.6,6.0,54.0,0.6,2026-05-16,Saturday,11MAY26
,Lidl Protein Drink,1.0,214,35.0,0.0,17.4,0.6,2026-05-16,Saturday,11MAY26
,Milbona Skyr yogurt,1.0,252,40.2,0.0,20.4,0.8999999999999999,2026-05-16,Saturday,11MAY26
,Olive Oil (1 tbsp),2.1,249.9,0.0,0.0,0.0,28.35,2026-05-16,Saturday,11MAY26
,Itsu Dumplings (Half Pack),1.0,118,6.0,1.9,14.5,3.6,2026-05-16,Saturday,11MAY26
,Tesco White Chocolate Cookie (45g),2.0,426,4.0,0.4,60.0,18.6,2026-05-16,Saturday,11MAY26
,Tesco Chocolate Donut,1.0,250,4.0,0.0,30.0,13.0,2026-05-16,Saturday,11MAY26
,Chicago Town Stuffed Crust Meat Feast Barbeque,0.5,846,34.0,6.2,108.0,30.0,2026-05-16,Saturday,11MAY26
,Fried Egg (no oil),3.0,270,18.9,0.0,0.8999999999999999,21.0,2026-05-17,Sunday,11MAY26
,White Bread (Slice),3.0,270,9.0,3.0,45.0,3.0,2026-05-17,Sunday,11MAY26
,Rasher,2.0,140,10.0,0.0,0.0,12.0,2026-05-17,Sunday,11MAY26
,Sugar (100g),0.1,40,0.0,0.0,10.0,0.0,2026-05-17,Sunday,11MAY26
,Smoked Salmon (100g),0.65,92.3,13.0,0.0,0.0,2.9250000000000003,2026-05-17,Sunday,11MAY26
,Golden Syrup (100g),0.2,75,0.0,0.0,15.8,0.0,2026-05-17,Sunday,11MAY26
,White Pudding (100g),0.33,64.02,3.96,0.0,4.29,3.6300000000000003,2026-05-17,Sunday,11MAY26
,Black Pudding (100g),0.25,48.5,4.275,0.0,0.075,3.325,2026-05-17,Sunday,11MAY26
,Light Milk (100ml),0.5,23.5,1.75,0.0,2.45,0.75,2026-05-17,Sunday,11MAY26
,Oats,27.0,113.94,2.3489999999999998,3.132,12.069,1.08,2026-05-17,Sunday,11MAY26
,Greek Yoghurt 0%,125.0,63.75,22.625,0.0,4.0,0.0,2026-05-17,Sunday,11MAY26
,Chia Seeds,15.0,64.05,2.895,4.905,1.305,4.2,2026-05-17,Sunday,11MAY26
,Light Milk (100ml),1.0,47,3.5,0.0,4.9,1.5,2026-05-17,Sunday,11MAY26
,Protein Powder,30.0,136.79999999999998,26.4,0.0,2.6399999999999997,2.28,2026-05-17,Sunday,11MAY26
,Mixed Chicken,120.0,192,27.36,0.0,0.0,6.72,2026-05-17,Sunday,11MAY26
,Fried Egg (no oil),3.0,270,18.9,0.0,0.8999999999999999,21.0,2026-05-17,Sunday,11MAY26
,Oats,27.0,113.94,2.3489999999999998,3.132,12.069,1.08,2026-05-18,Monday,18MAY26
,Greek Yoghurt 0%,125.0,63.75,22.625,0.0,4.0,0.0,2026-05-18,Monday,18MAY26
,Chia Seeds,15.0,64.05,2.895,4.905,1.305,4.2,2026-05-18,Monday,18MAY26
,Light Milk (100ml),1.0,47,3.5,0.0,4.9,1.5,2026-05-18,Monday,18MAY26
,Protein Powder,30.0,136.79999999999998,26.4,0.0,2.6399999999999997,2.28,2026-05-18,Monday,18MAY26
,Oat Baked Hake,1.0,400,25.0,4.0,38.0,12.0,2026-05-18,Monday,18MAY26
,Avonmore Protein Milk Vanilla (100ml),10.0,500,54.0,0.0,50.0,10.0,2026-05-18,Monday,18MAY26
,Mixed Chicken,120.0,192,27.36,0.0,0.0,6.72,2026-05-18,Monday,18MAY26
,Walnuts,35.0,228.9,5.25,0.0,4.9,22.75,2026-05-18,Monday,18MAY26
,White Wrap,1.0,180,6.0,2.0,28.0,4.0,2026-05-18,Monday,18MAY26
08:30:00,Mixed Chicken,120.0,192,27.36,0.0,0.0,6.72,2026-05-19,Tuesday,18MAY26
,White Bread (Slice),2.0,180,6.0,2.0,30.0,2.0,2026-05-19,Tuesday,18MAY26
,Cheddar Mozzarella Blend (100g),0.3,108,7.5,0.0,0.6,7.5,2026-05-19,Tuesday,18MAY26
,Olive Oil (1 tbsp),0.5,59.5,0.0,0.0,0.0,6.75,2026-05-19,Tuesday,18MAY26
,Fried Egg (no oil),3.0,270,18.9,0.0,0.8999999999999999,21.0,2026-05-19,Tuesday,18MAY26
12:00:00,Kimchi Chicken,1.0,400,32.0,4.0,38.0,12.0,2026-05-19,Tuesday,18MAY26
14:30:00,Banana,1.0,105,1.3,3.0,27.0,0.3,2026-05-19,Tuesday,18MAY26
,Handful Tortilla Chips,1.25,250,2.5,1.875,22.5,10.0,2026-05-19,Tuesday,18MAY26
,Fried Egg (no oil),3.0,270,18.9,0.0,0.8999999999999999,21.0,2026-05-19,Tuesday,18MAY26
18:30:00,Oats,27.0,113.94,2.3489999999999998,3.132,12.069,1.08,2026-05-19,Tuesday,18MAY26
,Greek Yoghurt 0%,125.0,63.75,22.625,0.0,4.0,0.0,2026-05-19,Tuesday,18MAY26
,Chia Seeds,15.0,64.05,2.895,4.905,1.305,4.2,2026-05-19,Tuesday,18MAY26
,Light Milk (100ml),1.0,47,3.5,0.0,4.9,1.5,2026-05-19,Tuesday,18MAY26
,Protein Powder,45.0,205.2,39.6,0.0,3.96,3.42,2026-05-19,Tuesday,18MAY26
,Oats,30.0,126.6,2.61,3.48,13.41,1.2,2026-05-20,Wednesday,18MAY26
,Greek Yoghurt 0%,150.0,76.5,27.15,0.0,4.8,0.0,2026-05-20,Wednesday,18MAY26
,Chia Seeds,15.0,64.05,2.895,4.905,1.305,4.2,2026-05-20,Wednesday,18MAY26
,Light Milk (100ml),1.1,51.7,3.8500000000000005,0.0,5.390000000000001,1.6500000000000001,2026-05-20,Wednesday,18MAY26
,Protein Powder,35.0,159.6,30.8,0.0,3.0799999999999996,2.66,2026-05-20,Wednesday,18MAY26
,Egg (Hardboiled),3.0,240,19.5,0.0,3.0,15.0,2026-05-20,Wednesday,18MAY26
,Lemon Chicken Curry with Danthal,1.0,550,40.0,5.0,58.0,11.0,2026-05-20,Wednesday,18MAY26
,Soup of the Day (SAP),1.0,200,6.0,6.0,32.0,5.0,2026-05-20,Wednesday,18MAY26
,Banana,1.0,105,1.3,3.0,27.0,0.3,2026-05-20,Wednesday,18MAY26
,Fried Egg (no oil),3.0,270,18.9,0.0,0.8999999999999999,21.0,2026-05-20,Wednesday,18MAY26
,Light Milk (100ml),4.0,188,14.0,0.0,19.6,6.0,2026-05-20,Wednesday,18MAY26
,Protein Powder,20.0,91.19999999999999,17.6,0.0,1.7599999999999998,1.52,2026-05-20,Wednesday,18MAY26
12:15:00,Oats,30.0,126.6,2.61,3.48,13.41,1.2,2026-05-21,Thursday,18MAY26
,Greek Yoghurt 0%,150.0,76.5,27.15,0.0,4.8,0.0,2026-05-21,Thursday,18MAY26
,Chia Seeds,15.0,64.05,2.895,4.905,1.305,4.2,2026-05-21,Thursday,18MAY26
,Light Milk (100ml),1.1,51.7,3.8500000000000005,0.0,5.390000000000001,1.6500000000000001,2026-05-21,Thursday,18MAY26
,Protein Powder,35.0,159.6,30.8,0.0,3.0799999999999996,2.66,2026-05-21,Thursday,18MAY26
,Banana,1.0,105,1.3,3.0,27.0,0.3,2026-05-21,Thursday,18MAY26
,Egg (Hardboiled),1.0,80,6.5,0.0,1.0,5.0,2026-05-21,Thursday,18MAY26
,Egg (Hardboiled),3.0,240,19.5,0.0,3.0,15.0,2026-05-21,Thursday,18MAY26
,Lidl Protein Drink,1.0,214,35.0,0.0,17.4,0.6,2026-05-21,Thursday,18MAY26
,Yeeros Loukoumades 3x,1.0,165,2.0,0.0,24.0,7.0,2026-05-21,Thursday,18MAY26
,Yeeros Mega Chicken Gyros ,1.0,950,48.0,6.0,86.0,35.0,2026-05-21,Thursday,18MAY26
,Yeeros Spinach and Feta Parcel,2.0,320,10.0,4.0,32.0,16.0,2026-05-21,Thursday,18MAY26
,Yeeros Filo Custard Pie,1.0,350,6.0,1.0,50.0,17.0,2026-05-21,Thursday,18MAY26
,Yeeros Fried Halloumi Stick,4.0,760,40.0,0.0,4.0,60.0,2026-05-21,Thursday,18MAY26
,Nature Valley Peanut,1.0,150,4.0,1.0,21.0,6.0,2026-05-21,Thursday,18MAY26
,Egg (Hardboiled),10.0,800,65.0,0.0,10.0,50.0,2026-05-22,Friday,18MAY26
,Oats,30.0,126.6,2.61,3.48,13.41,1.2,2026-05-23,Saturday,18MAY26
,Greek Yoghurt 0%,150.0,76.5,27.15,0.0,4.8,0.0,2026-05-23,Saturday,18MAY26
,Chia Seeds,15.0,64.05,2.895,4.905,1.305,4.2,2026-05-23,Saturday,18MAY26
,Light Milk (100ml),1.0,47,3.5,0.0,4.9,1.5,2026-05-23,Saturday,18MAY26
,Protein Powder,45.0,205.2,39.6,0.0,3.96,3.42,2026-05-23,Saturday,18MAY26
,Iced Matcha ,1.0,140,3.0,0.0,25.0,3.0,2026-05-23,Saturday,18MAY26
,Valio Profeel Milkshake,1.0,180,25.0,0.0,12.0,3.8,2026-05-23,Saturday,18MAY26
,Whole Chicken Deli Wrap,1.0,595,49.0,5.0,53.0,19.0,2026-05-23,Saturday,18MAY26
,Rowntree Mango Ice Pop,1.0,56,0.0,0.0,14.0,0.0,2026-05-23,Saturday,18MAY26
10:40:00,Smoked Salmon (100g),0.55,78.10000000000001,11.0,0.0,0.0,2.475,2026-05-24,Sunday,18MAY26
,White Bagel,1.0,249,8.5,2.5,47.0,2.3,2026-05-24,Sunday,18MAY26
11:30:00,Boost Isotonic Drink,1.0,140,0.0,0.0,35.0,0.0,2026-05-24,Sunday,18MAY26
13:00:00,Oats,40.0,168.79999999999998,3.4799999999999995,4.640000000000001,17.88,1.6,2026-05-24,Sunday,18MAY26
,Greek Yoghurt 0%,140.0,71.4,25.34,0.0,4.48,0.0,2026-05-24,Sunday,18MAY26
,Chia Seeds,15.0,64.05,2.895,4.905,1.305,4.2,2026-05-24,Sunday,18MAY26
,Light Milk (100ml),1.0,47,3.5,0.0,4.9,1.5,2026-05-24,Sunday,18MAY26
,Protein Powder,42.5,193.79999999999998,37.4,0.0,3.7399999999999998,3.23,2026-05-24,Sunday,18MAY26
,Lidl Protein Drink,1.0,214,35.0,0.0,17.4,0.6,2026-05-24,Sunday,18MAY26
,Fit Foods Pasta Carbonara with Chicken,1.0,400,41.0,7.0,58.0,10.7,2026-05-24,Sunday,18MAY26
,Padding,4.0,400,0.0,0.0,100.0,0.0,2026-05-24,Sunday,18MAY26
,Avonmore Protein Gold Milk,1.0,275,34.0,0.0,24.5,5.0,2026-05-25,Monday,25MAY26
,Tesco Deli Chicken Marinara Wrap,1.0,486,26.4,2.0,57.0,16.3,2026-05-25,Monday,25MAY26
,Skyr Superberry,1.0,132,15.299999999999999,0.0,14.700000000000001,0.6000000000000001,2026-05-25,Monday,25MAY26
,Oats,40.0,168.79999999999998,3.4799999999999995,4.640000000000001,17.88,1.6,2026-05-25,Monday,25MAY26
,Greek Yoghurt 0%,140.0,71.4,25.34,0.0,4.48,0.0,2026-05-25,Monday,25MAY26
,Chia Seeds,15.0,64.05,2.895,4.905,1.305,4.2,2026-05-25,Monday,25MAY26
,Light Milk (100ml),1.0,47,3.5,0.0,4.9,1.5,2026-05-25,Monday,25MAY26
,Protein Powder,42.5,193.79999999999998,37.4,0.0,3.7399999999999998,3.23,2026-05-25,Monday,25MAY26
,Chicken Cacciatore,1.0,475,42.0,5.0,40.0,12.0,2026-05-25,Monday,25MAY26
,Fried Egg (no oil),3.0,270,18.9,0.0,0.8999999999999999,21.0,2026-05-25,Monday,25MAY26
08:30:00,Oats,40.0,168.79999999999998,3.4799999999999995,4.640000000000001,17.88,1.6,2026-05-26,Tuesday,25MAY26
18:00:00,Greek Yoghurt 0%,140.0,71.4,25.34,0.0,4.48,0.0,2026-05-26,Tuesday,25MAY26
,Chia Seeds,15.0,64.05,2.895,4.905,1.305,4.2,2026-05-26,Tuesday,25MAY26
,Light Milk (100ml),1.0,47,3.5,0.0,4.9,1.5,2026-05-26,Tuesday,25MAY26
,Protein Powder,30.0,136.79999999999998,26.4,0.0,2.6399999999999997,2.28,2026-05-26,Tuesday,25MAY26
12:10:00,Chicken Cacciatore,1.0,475,42.0,5.0,40.0,12.0,2026-05-26,Tuesday,25MAY26
,Soup of the Day (SAP),1.0,200,6.0,6.0,32.0,5.0,2026-05-26,Tuesday,25MAY26
15:00:00,Green Apple,2.5,237.5,0.0,10.0,62.5,0.0,2026-05-26,Tuesday,25MAY26
18:00:00,Walnuts,40.0,261.6,6.0,0.0,5.6000000000000005,26.0,2026-05-26,Tuesday,25MAY26
,Lidl Protein Drink,1.0,214,35.0,0.0,17.4,0.6,2026-05-26,Tuesday,25MAY26
,Gouda Slice (17g),3.0,168.81,9.435,0.0,1.7850000000000001,13.770000000000003,2026-05-26,Tuesday,25MAY26
,Mixed Chicken,50.0,80,11.4,0.0,0.0,2.8000000000000003,2026-05-26,Tuesday,25MAY26
20:15:00,Smoked Salmon (100g),0.45,63.9,9.0,0.0,0.0,2.025,2026-05-26,Tuesday,25MAY26
09:30:00,Walnuts,40.0,261.6,6.0,0.0,5.6000000000000005,26.0,2026-05-27,Wednesday,25MAY26
12:00:00,Chicken Cacciatore,1.0,475,42.0,5.0,40.0,12.0,2026-05-27,Wednesday,25MAY26
,Veg Soup (SAP),1.0,200,6.0,5.0,33.0,6.0,2026-05-27,Wednesday,25MAY26
14:00:00,Brunch,1.0,165,2.2,1.0,17.0,12.0,2026-05-27,Wednesday,25MAY26
,Banana,1.5,157.5,1.9500000000000002,4.5,40.5,0.44999999999999996,2026-05-27,Wednesday,25MAY26
15:00:00,Oats,30.0,126.6,2.61,3.48,13.41,1.2,2026-05-27,Wednesday,25MAY26
18:35:00,Greek Yoghurt 0%,125.0,63.75,22.625,0.0,4.0,0.0,2026-05-27,Wednesday,25MAY26
,Chia Seeds,15.0,64.05,2.895,4.905,1.305,4.2,2026-05-27,Wednesday,25MAY26
,Light Milk (100ml),1.25,58.75,4.375,0.0,6.125,1.875,2026-05-27,Wednesday,25MAY26
,Protein Powder,45.0,205.2,39.6,0.0,3.96,3.42,2026-05-27,Wednesday,25MAY26
19:45:00,Mixed Chicken,70.0,112,15.96,0.0,0.0,3.92,2026-05-27,Wednesday,25MAY26
,Gouda Slice (17g),2.0,112.54,6.29,0.0,1.1900000000000002,9.180000000000001,2026-05-27,Wednesday,25MAY26
19:00:00,White Wrap,2.0,360,12.0,4.0,56.0,8.0,2026-05-27,Wednesday,25MAY26
,Tesco Iced Ring Donut,1.0,255,3.2,0.0,28.7,13.9,2026-05-27,Wednesday,25MAY26
10:30:00,Walnuts,40.0,261.6,6.0,0.0,5.6000000000000005,26.0,2026-05-28,Thursday,25MAY26
,Oats,30.0,126.6,2.61,3.48,13.41,1.2,2026-05-28,Thursday,25MAY26
,Greek Yoghurt 0%,125.0,63.75,22.625,0.0,4.0,0.0,2026-05-28,Thursday,25MAY26
,Chia Seeds,15.0,64.05,2.895,4.905,1.305,4.2,2026-05-28,Thursday,25MAY26
,Light Milk (100ml),1.25,58.75,4.375,0.0,6.125,1.875,2026-05-28,Thursday,25MAY26
,Protein Powder,45.0,205.2,39.6,0.0,3.96,3.42,2026-05-28,Thursday,25MAY26
13:30:00,D-com bites,1.0,800,35.0,2.0,55.0,45.0,2026-05-28,Thursday,25MAY26
,Deli Wrap (Whole Chicken),1.0,625,50.0,3.0,50.0,27.0,2026-06-01,Monday,01JUN26
,Lidl Protein Drink,1.4,299.59999999999997,49.0,0.0,24.359999999999996,0.84,2026-06-01,Monday,01JUN26
,Honey (Tbsp),10.0,640,0.0,0.0,170.0,0.0,2026-06-01,Monday,01JUN26
,chinese ,0.75,1074.75,45.75,3.0,71.25,81.0,2026-06-01,Monday,01JUN26
,Light Milk (100ml),5.0,235,17.5,0.0,24.5,7.5,2026-06-03,Wednesday,01JUN26
,White Wrap,2.0,360,12.0,4.0,56.0,8.0,2026-06-03,Wednesday,01JUN26
,Mocha Beans Cajun Chicken Wrap,1.0,520,35.0,3.0,45.0,20.0,2026-06-03,Wednesday,01JUN26
,Airport Sandwich/Wrap Averaged,1.0,500,23.0,3.1,35.0,24.0,2026-06-03,Wednesday,01JUN26
,White Wrap,4.0,720,24.0,8.0,112.0,16.0,2026-06-10,Wednesday,08JUN26
,30% Reduced Fat Cheese (100g),1.0,315,27.3,0.0,2.7,21.7,2026-06-10,Wednesday,08JUN26
,Tayto Bag,1.0,258,2.5,2.0,23.0,17.1,2026-06-10,Wednesday,08JUN26
,PurePower Mango Chicken Curry,1.0,484,38.0,2.0,48.4,11.4,2026-06-10,Wednesday,08JUN26
,Oats,40.0,168.79999999999998,3.4799999999999995,4.640000000000001,17.88,1.6,2026-06-11,Thursday,08JUN26
,Greek Yoghurt 0%,150.0,76.5,27.15,0.0,4.8,0.0,2026-06-11,Thursday,08JUN26
,Protein Powder,45.0,205.2,39.6,0.0,3.96,3.42,2026-06-11,Thursday,08JUN26
,Chia Seeds,15.0,64.05,2.895,4.905,1.305,4.2,2026-06-11,Thursday,08JUN26
,Milbona Protein Coffee,1.0,123,19.3,0.0,10.5,0.3,2026-06-11,Thursday,08JUN26
,Aldi Meat Feast Pizza,1.0,782,38.6,12.0,90.8,26.8,2026-06-11,Thursday,08JUN26
,Full Fat Milk (100ml),10.0,660,35.0,0.0,51.0,35.0,2026-06-11,Thursday,08JUN26
17:30:00,Oats,40.0,168.79999999999998,3.4799999999999995,4.640000000000001,17.88,1.6,2026-06-12,Friday,08JUN26
,Greek Yoghurt 0%,150.0,76.5,27.15,0.0,4.8,0.0,2026-06-12,Friday,08JUN26
,Protein Powder,45.0,205.2,39.6,0.0,3.96,3.42,2026-06-12,Friday,08JUN26
,Chia Seeds,15.0,64.05,2.895,4.905,1.305,4.2,2026-06-12,Friday,08JUN26
,Milbona Protein Coffee,1.0,123,19.3,0.0,10.5,0.3,2026-06-12,Friday,08JUN26
13:00:00,"Chicken, Stuffing, and Potatoes",1.0,650,45.0,5.0,70.0,12.0,2026-06-12,Friday,08JUN26
15:00:00,Green Apple,1.0,95,0.0,4.0,25.0,0.0,2026-06-12,Friday,08JUN26
20:00:00,Protein Bar,2.0,422,42.0,0.0,40.0,20.0,2026-06-12,Friday,08JUN26
,Striploin Steak (100g),1.6,320,33.6,0.0,0.0,20.8,2026-06-12,Friday,08JUN26
,Fried Egg (no oil),2.0,180,12.6,0.0,0.6,14.0,2026-06-12,Friday,08JUN26
,Milbona Protein Coffee,1.0,123,19.3,0.0,10.5,0.3,2026-06-13,Saturday,08JUN26
,Salmon Darne (100g),1.2,242.39999999999998,21.84,0.0,2.76,15.96,2026-06-13,Saturday,08JUN26
,Lidl Protein Bar,1.0,166,22.5,0.0,11.7,4.8,2026-06-13,Saturday,08JUN26
,Dunnes Spring Box Sushi,0.4,459.20000000000005,17.6,4.0,65.60000000000001,14.4,2026-06-14,Sunday,08JUN26
,Dunnes Prawn Avalanche Sushi,0.5,238,5.5,2.0,30.5,10.5,2026-06-14,Sunday,08JUN26
,Green Apple,1.4,133,0.0,5.6,35.0,0.0,2026-06-14,Sunday,08JUN26
,Milbona Protein Coffee,1.0,123,19.3,0.0,10.5,0.3,2026-06-14,Sunday,08JUN26
,Oats,40.0,168.79999999999998,3.4799999999999995,4.640000000000001,17.88,1.6,2026-06-14,Sunday,08JUN26
,Greek Yoghurt 0%,150.0,76.5,27.15,0.0,4.8,0.0,2026-06-14,Sunday,08JUN26
,Protein Powder,45.0,205.2,39.6,0.0,3.96,3.42,2026-06-14,Sunday,08JUN26
,Chia Seeds,15.0,64.05,2.895,4.905,1.305,4.2,2026-06-14,Sunday,08JUN26
,Light Milk (100ml),1.3,61.1,4.55,0.0,6.370000000000001,1.9500000000000002,2026-06-14,Sunday,08JUN26
,Lidl Protein Bar,1.0,166,22.5,0.0,11.7,4.8,2026-06-14,Sunday,08JUN26
,Walnuts,10.0,65.4,1.5,0.0,1.4000000000000001,6.5,2026-06-14,Sunday,08JUN26
,Salmon Darne (100g),1.2,242.39999999999998,21.84,0.0,2.76,15.96,2026-06-14,Sunday,08JUN26
,Fried Egg (no oil),2.0,180,12.6,0.0,0.6,14.0,2026-06-15,Monday,15JUN26
,Striploin Steak (100g),1.6,320,33.6,0.0,0.0,20.8,2026-06-15,Monday,15JUN26
,White Wrap,10.0,1800,60.0,20.0,280.0,40.0,2026-06-15,Monday,15JUN26
,Honey (Tbsp),10.0,640,0.0,0.0,170.0,0.0,2026-06-15,Monday,15JUN26
12:00:00,"Chargrilled Chicken, Peppers, Brocolli Salad",1.0,500,40.0,5.0,15.0,17.0,2026-06-16,Tuesday,15JUN26
,Veg Soup (SAP),0.8,160,4.800000000000001,4.0,26.400000000000002,4.800000000000001,2026-06-16,Tuesday,15JUN26
,Banana,1.0,105,1.3,3.0,27.0,0.3,2026-06-16,Tuesday,15JUN26
15:15:00,Banana,1.0,105,1.3,3.0,27.0,0.3,2026-06-16,Tuesday,15JUN26
17:15:00,Oats,40.0,168.79999999999998,3.4799999999999995,4.640000000000001,17.88,1.6,2026-06-16,Tuesday,15JUN26
,Greek Yoghurt 0%,150.0,76.5,27.15,0.0,4.8,0.0,2026-06-16,Tuesday,15JUN26
,Protein Powder,45.0,205.2,39.6,0.0,3.96,3.42,2026-06-16,Tuesday,15JUN26
,Chia Seeds,15.0,64.05,2.895,4.905,1.305,4.2,2026-06-16,Tuesday,15JUN26
,Light Milk (100ml),1.3,61.1,4.55,0.0,6.370000000000001,1.9500000000000002,2026-06-16,Tuesday,15JUN26
19:30:00,Striploin Steak (100g),1.6,320,33.6,0.0,0.0,20.8,2026-06-16,Tuesday,15JUN26
,Fried Egg (no oil),3.0,270,18.9,0.0,0.8999999999999999,21.0,2026-06-16,Tuesday,15JUN26
06:45:00,Banana,1.0,105,1.3,3.0,27.0,0.3,2026-06-17,Wednesday,15JUN26
,White Bread (Slice),1.0,90,3.0,1.0,15.0,1.0,2026-06-17,Wednesday,15JUN26
,Honey (Tbsp),1.0,64,0.0,0.0,17.0,0.0,2026-06-17,Wednesday,15JUN26
09:00:00,Oats,45.0,189.89999999999998,3.9149999999999996,5.220000000000001,20.115000000000002,1.8,2026-06-17,Wednesday,15JUN26
,Greek Yoghurt 0%,165.0,84.15,29.865,0.0,5.28,0.0,2026-06-17,Wednesday,15JUN26
,Protein Powder,45.0,205.2,39.6,0.0,3.96,3.42,2026-06-17,Wednesday,15JUN26
,Chia Seeds,20.0,85.39999999999999,3.8600000000000003,6.54,1.7399999999999998,5.6000000000000005,2026-06-17,Wednesday,15JUN26
,Light Milk (100ml),1.4,65.8,4.8999999999999995,0.0,6.86,2.0999999999999996,2026-06-17,Wednesday,15JUN26
12:00:00,Butter Chicken Naan,2.0,1100,90.0,10.0,90.0,50.0,2026-06-17,Wednesday,15JUN26
15:55:00,Green Apple,1.0,95,0.0,4.0,25.0,0.0,2026-06-17,Wednesday,15JUN26
20:30:00,Striploin Steak (100g),1.6,320,33.6,0.0,0.0,20.8,2026-06-17,Wednesday,15JUN26
,Egg (Hardboiled),1.0,80,6.5,0.0,1.0,5.0,2026-06-17,Wednesday,15JUN26
,Turkey Bolognese GF Pasta,1.0,600,32.0,5.0,65.0,12.0,2026-06-18,Thursday,15JUN26
,Oats,45.0,189.89999999999998,3.9149999999999996,5.220000000000001,20.115000000000002,1.8,2026-06-18,Thursday,15JUN26
,Greek Yoghurt 0%,165.0,84.15,29.865,0.0,5.28,0.0,2026-06-18,Thursday,15JUN26
,Protein Powder,45.0,205.2,39.6,0.0,3.96,3.42,2026-06-18,Thursday,15JUN26
,Chia Seeds,20.0,85.39999999999999,3.8600000000000003,6.54,1.7399999999999998,5.6000000000000005,2026-06-18,Thursday,15JUN26
,Light Milk (100ml),1.4,65.8,4.8999999999999995,0.0,6.86,2.0999999999999996,2026-06-18,Thursday,15JUN26
,Fried Egg (no oil),4.0,360,25.2,0.0,1.2,28.0,2026-06-19,Friday,15JUN26
,White Bread (Slice),2.0,180,6.0,2.0,30.0,2.0,2026-06-19,Friday,15JUN26
,Brioche Bun,2.0,386,11.8,3.6,60.0,10.2,2026-06-19,Friday,15JUN26
,Slice Ham,2.0,48,8.0,0.0,1.0,1.4,2026-06-19,Friday,15JUN26
,Reduced Fat Cheese (30g),1.0,95,8.2,0.0,0.8,6.5,2026-06-19,Friday,15JUN26
,Oats,20.0,84.39999999999999,1.7399999999999998,2.3200000000000003,8.94,0.8,2026-06-19,Friday,15JUN26
,Greek Yoghurt 0%,75.0,38.25,13.575,0.0,2.4,0.0,2026-06-19,Friday,15JUN26
,Protein Powder,22.5,102.6,19.8,0.0,1.98,1.71,2026-06-19,Friday,15JUN26
,Chia Seeds,12.5,53.37499999999999,2.4125,4.0875,1.0875,3.5000000000000004,2026-06-19,Friday,15JUN26
,Light Milk (100ml),0.7,32.9,2.4499999999999997,0.0,3.43,1.0499999999999998,2026-06-19,Friday,15JUN26
,Oats,45.0,189.89999999999998,3.9149999999999996,5.220000000000001,20.115000000000002,1.8,2026-06-19,Friday,15JUN26
,Greek Yoghurt 0%,150.0,76.5,27.15,0.0,4.8,0.0,2026-06-19,Friday,15JUN26
,Protein Powder,45.0,205.2,39.6,0.0,3.96,3.42,2026-06-19,Friday,15JUN26
,Chia Seeds,25.0,106.74999999999999,4.825,8.175,2.175,7.000000000000001,2026-06-19,Friday,15JUN26
,Light Milk (100ml),1.4,65.8,4.8999999999999995,0.0,6.86,2.0999999999999996,2026-06-19,Friday,15JUN26
,Milbona Protein Coffee,1.0,123,19.3,0.0,10.5,0.3,2026-06-21,Sunday,15JUN26
,Banana,1.0,105,1.3,3.0,27.0,0.3,2026-06-21,Sunday,15JUN26
,Oats,45.0,189.89999999999998,3.9149999999999996,5.220000000000001,20.115000000000002,1.8,2026-06-21,Sunday,15JUN26
,Greek Yoghurt 0%,150.0,76.5,27.15,0.0,4.8,0.0,2026-06-21,Sunday,15JUN26
,Protein Powder,45.0,205.2,39.6,0.0,3.96,3.42,2026-06-21,Sunday,15JUN26
,Chia Seeds,25.0,106.74999999999999,4.825,8.175,2.175,7.000000000000001,2026-06-21,Sunday,15JUN26
,Light Milk (100ml),1.4,65.8,4.8999999999999995,0.0,6.86,2.0999999999999996,2026-06-21,Sunday,15JUN26
,Fried Egg (no oil),5.0,450,31.5,0.0,1.5,35.0,2026-06-21,Sunday,15JUN26
,Walnuts,25.0,163.5,3.75,0.0,3.5000000000000004,16.25,2026-06-21,Sunday,15JUN26
,Protein Powder,30.0,136.79999999999998,26.4,0.0,2.6399999999999997,2.28,2026-06-21,Sunday,15JUN26
,Oats,45.0,189.89999999999998,3.9149999999999996,5.220000000000001,20.115000000000002,1.8,2026-06-22,Monday,22JUN26
,Greek Yoghurt 0%,150.0,76.5,27.15,0.0,4.8,0.0,2026-06-22,Monday,22JUN26
,Protein Powder,45.0,205.2,39.6,0.0,3.96,3.42,2026-06-22,Monday,22JUN26
,Chia Seeds,25.0,106.74999999999999,4.825,8.175,2.175,7.000000000000001,2026-06-22,Monday,22JUN26
,Light Milk (100ml),1.4,65.8,4.8999999999999995,0.0,6.86,2.0999999999999996,2026-06-22,Monday,22JUN26
,Lidl Protein Bar,1.0,166,22.5,0.0,11.7,4.8,2026-06-22,Monday,22JUN26
,Grainne's Bakery Jam Doughnut (60g),1.0,201,3.4,1.0,28.7,7.9,2026-06-22,Monday,22JUN26
,Chilli Lemon Prawns (100g),0.65,145.6,9.555,0.065,0.7150000000000001,11.245000000000001,2026-06-22,Monday,22JUN26
,Lidl Sushi (100g),0.95,138.7,4.085,0.855,22.799999999999997,3.135,2026-06-22,Monday,22JUN26
,Pineapple (100g),2.5,125,1.25,2.5,32.5,0.25,2026-06-22,Monday,22JUN26
,Fried Egg (no oil),4.0,360,25.2,0.0,1.2,28.0,2026-06-22,Monday,22JUN26
08:30:00,Oats,50.0,211,4.35,5.800000000000001,22.35,2.0,2026-06-23,Tuesday,22JUN26
,Greek Yoghurt 0%,150.0,76.5,27.15,0.0,4.8,0.0,2026-06-23,Tuesday,22JUN26
,Protein Powder,45.0,205.2,39.6,0.0,3.96,3.42,2026-06-23,Tuesday,22JUN26
,Chia Seeds,25.0,106.74999999999999,4.825,8.175,2.175,7.000000000000001,2026-06-23,Tuesday,22JUN26
,Light Milk (100ml),0.7,32.9,2.4499999999999997,0.0,3.43,1.0499999999999998,2026-06-23,Tuesday,22JUN26
12:15:00,Chicken Schnitzel with Potatoes,1.0,600,40.0,4.0,58.0,20.0,2026-06-23,Tuesday,22JUN26
,Veg Soup (SAP),1.0,200,6.0,5.0,33.0,6.0,2026-06-23,Tuesday,22JUN26
,Focaccia with Whipped Honey & Chilli Butter,1.0,200,5.0,1.0,28.0,8.0,2026-06-23,Tuesday,22JUN26
14:45:00,Mixed Chicken,110.0,176,25.080000000000002,0.0,0.0,6.16,2026-06-23,Tuesday,22JUN26
,Banana,1.0,105,1.3,3.0,27.0,0.3,2026-06-23,Tuesday,22JUN26
17:30:00,Banana,1.0,105,1.3,3.0,27.0,0.3,2026-06-23,Tuesday,22JUN26
,Walnuts,20.0,130.8,3.0,0.0,2.8000000000000003,13.0,2026-06-23,Tuesday,22JUN26
,Lidl Protein Bar,1.0,166,22.5,0.0,11.7,4.8,2026-06-23,Tuesday,22JUN26
09:00:00,Oats,50.0,211,4.35,5.800000000000001,22.35,2.0,2026-06-24,Wednesday,22JUN26
,Greek Yoghurt 0%,150.0,76.5,27.15,0.0,4.8,0.0,2026-06-24,Wednesday,22JUN26
,Protein Powder,45.0,205.2,39.6,0.0,3.96,3.42,2026-06-24,Wednesday,22JUN26
,Chia Seeds,25.0,106.74999999999999,4.825,8.175,2.175,7.000000000000001,2026-06-24,Wednesday,22JUN26
,Light Milk (100ml),0.7,32.9,2.4499999999999997,0.0,3.43,1.0499999999999998,2026-06-24,Wednesday,22JUN26
,Walnuts,5.0,32.7,0.75,0.0,0.7000000000000001,3.25,2026-06-24,Wednesday,22JUN26
12:00:00,Chicken Schnitzel with Potatoes,1.0,600,40.0,4.0,58.0,20.0,2026-06-24,Wednesday,22JUN26
,Veg Soup (SAP),1.0,200,6.0,5.0,33.0,6.0,2026-06-24,Wednesday,22JUN26
,Focaccia with Whipped Honey & Chilli Butter,1.0,200,5.0,1.0,28.0,8.0,2026-06-24,Wednesday,22JUN26
14:30:00,Banana,1.0,105,1.3,3.0,27.0,0.3,2026-06-24,Wednesday,22JUN26
,Mixed Chicken,50.0,80,11.4,0.0,0.0,2.8000000000000003,2026-06-24,Wednesday,22JUN26
17:00:00,Lidl Protein Bar,1.0,166,22.5,0.0,11.7,4.8,2026-06-24,Wednesday,22JUN26
,Banana,1.0,105,1.3,3.0,27.0,0.3,2026-06-24,Wednesday,22JUN26
18:30:00,Fried Egg (no oil),3.0,270,18.9,0.0,0.8999999999999999,21.0,2026-06-24,Wednesday,22JUN26
09:30:00,Oats,50.0,211,4.35,5.800000000000001,22.35,2.0,2026-06-25,Thursday,22JUN26
,Greek Yoghurt 0%,150.0,76.5,27.15,0.0,4.8,0.0,2026-06-25,Thursday,22JUN26
,Protein Powder,45.0,205.2,39.6,0.0,3.96,3.42,2026-06-25,Thursday,22JUN26
,Chia Seeds,25.0,106.74999999999999,4.825,8.175,2.175,7.000000000000001,2026-06-25,Thursday,22JUN26
,Light Milk (100ml),0.7,32.9,2.4499999999999997,0.0,3.43,1.0499999999999998,2026-06-25,Thursday,22JUN26
,Walnuts,10.0,65.4,1.5,0.0,1.4000000000000001,6.5,2026-06-25,Thursday,22JUN26
12:00:00,Fried Egg (no oil),5.0,450,31.5,0.0,1.5,35.0,2026-06-25,Thursday,22JUN26
,Microwaveable Rice 250g packet,0.5,189,4.3,2.8,35.0,0.0,2026-06-25,Thursday,22JUN26
,Walnuts,10.0,65.4,1.5,0.0,1.4000000000000001,6.5,2026-06-25,Thursday,22JUN26
15:30:00,Banana,1.0,105,1.3,3.0,27.0,0.3,2026-06-25,Thursday,22JUN26
,Microwaveable Rice 250g packet,0.5,189,4.3,2.8,35.0,0.0,2026-06-25,Thursday,22JUN26
,Energise Sport,1.0,140,0.0,0.0,33.0,0.0,2026-06-25,Thursday,22JUN26
18:30:00,Lidl Protein Bar,1.0,166,22.5,0.0,11.7,4.8,2026-06-25,Thursday,22JUN26
,Mixed Chicken,110.0,176,25.080000000000002,0.0,0.0,6.16,2026-06-25,Thursday,22JUN26
,Iced Matcha ,1.0,140,3.0,0.0,25.0,3.0,2026-07-01,Wednesday,29JUN26
,Turkey Burger with Potato Wedges,1.0,650,35.0,5.0,65.0,25.0,2026-07-01,Wednesday,29JUN26
,Veg Soup (SAP),1.0,200,6.0,5.0,33.0,6.0,2026-07-01,Wednesday,29JUN26
,Lidl Protein Drink,1.0,214,35.0,0.0,17.4,0.6,2026-07-01,Wednesday,29JUN26
,Boneless Wings and Wedges,1.0,750,40.0,6.0,70.0,44.0,2026-07-02,Thursday,29JUN26
,Veg Soup (SAP),1.0,200,6.0,5.0,33.0,6.0,2026-07-02,Thursday,29JUN26
,Mixed Chicken,125.0,200,28.5,0.0,0.0,7.0,2026-07-02,Thursday,29JUN26
,Fried Egg (no oil),4.0,360,25.2,0.0,1.2,28.0,2026-07-02,Thursday,29JUN26
,Lidl XXL Protein Drink,1.5,390,63.0,0.0,31.5,1.2000000000000002,2026-07-02,Thursday,29JUN26
,Beef Brisket ,1.0,1125,65.0,5.0,70.0,60.0,2026-07-03,Friday,29JUN26
,Greek Yoghurt 0%,125.0,63.75,22.625,0.0,4.0,0.0,2026-07-03,Friday,29JUN26
,Protein Powder,45.0,205.2,39.6,0.0,3.96,3.42,2026-07-03,Friday,29JUN26
,Light Milk (100ml),1.25,58.75,4.375,0.0,6.125,1.875,2026-07-03,Friday,29JUN26
,Lidl XXL Protein Drink,0.5,130,21.0,0.0,10.5,0.4,2026-07-03,Friday,29JUN26
,Oats,50.0,211,4.35,5.800000000000001,22.35,2.0,2026-07-04,Saturday,29JUN26
,Greek Yoghurt 0%,125.0,63.75,22.625,0.0,4.0,0.0,2026-07-04,Saturday,29JUN26
,Protein Powder,45.0,205.2,39.6,0.0,3.96,3.42,2026-07-04,Saturday,29JUN26
,Chia Seeds,20.0,85.39999999999999,3.8600000000000003,6.54,1.7399999999999998,5.6000000000000005,2026-07-04,Saturday,29JUN26
,Light Milk (100ml),1.25,58.75,4.375,0.0,6.125,1.875,2026-07-04,Saturday,29JUN26
,Banana,1.0,105,1.3,3.0,27.0,0.3,2026-07-04,Saturday,29JUN26
,Diced Steak (100g),2.0,230,42.8,0.0,0.0,6.0,2026-07-04,Saturday,29JUN26
,Walnuts,20.0,130.8,3.0,0.0,2.8000000000000003,13.0,2026-07-04,Saturday,29JUN26
,Fried Egg (no oil),4.0,360,25.2,0.0,1.2,28.0,2026-07-04,Saturday,29JUN26
,Oats,50.0,211,4.35,5.800000000000001,22.35,2.0,2026-07-05,Sunday,29JUN26
,Greek Yoghurt 0%,125.0,63.75,22.625,0.0,4.0,0.0,2026-07-05,Sunday,29JUN26
,Protein Powder,45.0,205.2,39.6,0.0,3.96,3.42,2026-07-05,Sunday,29JUN26
,Chia Seeds,25.0,106.74999999999999,4.825,8.175,2.175,7.000000000000001,2026-07-05,Sunday,29JUN26
,Light Milk (100ml),1.25,58.75,4.375,0.0,6.125,1.875,2026-07-05,Sunday,29JUN26
,Diced Steak (100g),2.0,230,42.8,0.0,0.0,6.0,2026-07-05,Sunday,29JUN26
,Banana,1.0,105,1.3,3.0,27.0,0.3,2026-07-05,Sunday,29JUN26
,Fried Egg (no oil),6.0,540,37.8,0.0,1.7999999999999998,42.0,2026-07-05,Sunday,29JUN26
,Diced Steak (100g),4.0,460,85.6,0.0,0.0,12.0,2026-07-06,Monday,06JUL26
,"Deli Wrap, breaded fillet",1.0,710,35.0,5.0,70.0,30.0,2026-07-06,Monday,06JUL26
,Avonmore Protein Gold Milk,1.0,275,34.0,0.0,24.5,5.0,2026-07-06,Monday,06JUL26
08:40:00,Oats,50.0,211,4.35,5.800000000000001,22.35,2.0,2026-07-07,Tuesday,06JUL26
,Greek Yoghurt 0%,125.0,63.75,22.625,0.0,4.0,0.0,2026-07-07,Tuesday,06JUL26
,Protein Powder,45.0,205.2,39.6,0.0,3.96,3.42,2026-07-07,Tuesday,06JUL26
,Chia Seeds,20.0,85.39999999999999,3.8600000000000003,6.54,1.7399999999999998,5.6000000000000005,2026-07-07,Tuesday,06JUL26
,Light Milk (100ml),1.25,58.75,4.375,0.0,6.125,1.875,2026-07-07,Tuesday,06JUL26
12:00:00,"Chargrilled Chicken, Peas, Potatoes",1.0,550,40.0,5.0,40.0,20.0,2026-07-07,Tuesday,06JUL26
16:00:00,Energise Sport,1.0,140,0.0,0.0,33.0,0.0,2026-07-07,Tuesday,06JUL26
,Grenade Protein Bar (Oreo),1.0,232,21.0,0.9,20.0,10.0,2026-07-07,Tuesday,06JUL26
19:30:00,Fried Egg (no oil),4.0,360,25.2,0.0,1.2,28.0,2026-07-07,Tuesday,06JUL26
09:00:00,Oats,50.0,211,4.35,5.800000000000001,22.35,2.0,2026-07-08,Wednesday,06JUL26
,Greek Yoghurt 0%,125.0,63.75,22.625,0.0,4.0,0.0,2026-07-08,Wednesday,06JUL26
,Protein Powder,45.0,205.2,39.6,0.0,3.96,3.42,2026-07-08,Wednesday,06JUL26
,Chia Seeds,20.0,85.39999999999999,3.8600000000000003,6.54,1.7399999999999998,5.6000000000000005,2026-07-08,Wednesday,06JUL26
,Light Milk (100ml),1.25,58.75,4.375,0.0,6.125,1.875,2026-07-08,Wednesday,06JUL26
12:00:00,"Chargrilled Chicken, Peas, Potatoes",1.0,550,40.0,5.0,40.0,20.0,2026-07-08,Wednesday,06JUL26
,Veg Soup (SAP),1.0,200,6.0,5.0,33.0,6.0,2026-07-08,Wednesday,06JUL26
14:00:00,Banana,1.0,105,1.3,3.0,27.0,0.3,2026-07-08,Wednesday,06JUL26
18:30:00,Skinless Pollock (100g),1.4,99.39999999999999,22.4,0.0,0.0,1.1199999999999999,2026-07-08,Wednesday,06JUL26
,Egg (Hardboiled),3.0,240,19.5,0.0,3.0,15.0,2026-07-08,Wednesday,06JUL26
,White Wrap,2.505,450.9,15.03,5.01,70.14,10.02,2026-07-08,Wednesday,06JUL26
,Padding,1.0,100,0.0,0.0,25.0,0.0,2026-07-08,Wednesday,06JUL26
12:00:00,"Steamrd Cod, Mash, Peas",1.0,525,42.0,7.0,53.0,16.0,2026-07-09,Thursday,06JUL26
,Veg Soup (SAP),1.0,200,6.0,5.0,33.0,6.0,2026-07-09,Thursday,06JUL26
17:45:00,Oats,50.0,211,4.35,5.800000000000001,22.35,2.0,2026-07-09,Thursday,06JUL26
,Greek Yoghurt 0%,125.0,63.75,22.625,0.0,4.0,0.0,2026-07-09,Thursday,06JUL26
,Protein Powder,45.0,205.2,39.6,0.0,3.96,3.42,2026-07-09,Thursday,06JUL26
,Chia Seeds,20.0,85.39999999999999,3.8600000000000003,6.54,1.7399999999999998,5.6000000000000005,2026-07-09,Thursday,06JUL26
,Light Milk (100ml),1.25,58.75,4.375,0.0,6.125,1.875,2026-07-09,Thursday,06JUL26
20:00:00,Fried Egg (no oil),4.0,360,25.2,0.0,1.2,28.0,2026-07-09,Thursday,06JUL26
,White Bread (Slice),1.0,90,3.0,1.0,15.0,1.0,2026-07-09,Thursday,06JUL26
,Lidl Protein Icecream ,1.0,149,10.0,0.0,23.0,3.0,2026-07-09,Thursday,06JUL26
07:00:00,Banana,1.0,105,1.3,3.0,27.0,0.3,2026-07-10,Friday,06JUL26
,White Wrap,1.6,288,9.600000000000001,3.2,44.800000000000004,6.4,2026-07-10,Friday,06JUL26
,Lidl XXL Protein Drink,0.5,130,21.0,0.0,10.5,0.4,2026-07-10,Friday,06JUL26
,Energise Sport,2.0,280,0.0,0.0,66.0,0.0,2026-07-10,Friday,06JUL26
12:00:00,"Chargrilled Chicken, Peas, Potatoes",1.0,550,40.0,5.0,40.0,20.0,2026-07-10,Friday,06JUL26
20:00:00,Egg (Hardboiled),4.0,320,26.0,0.0,4.0,20.0,2026-07-10,Friday,06JUL26
,Oats,50.0,211,4.35,5.800000000000001,22.35,2.0,2026-07-10,Friday,06JUL26
,Greek Yoghurt 0%,125.0,63.75,22.625,0.0,4.0,0.0,2026-07-10,Friday,06JUL26
,Protein Powder,45.0,205.2,39.6,0.0,3.96,3.42,2026-07-10,Friday,06JUL26
,Chia Seeds,20.0,85.39999999999999,3.8600000000000003,6.54,1.7399999999999998,5.6000000000000005,2026-07-10,Friday,06JUL26
,Light Milk (100ml),1.25,58.75,4.375,0.0,6.125,1.875,2026-07-10,Friday,06JUL26
,ON Protein Drink,0.5,145,25.0,0.0,10.0,0.5,2026-07-13,Monday,13JUL26
,Dunnes Spring Box Sushi,0.5,574,22.0,5.0,82.0,18.0,2026-07-13,Monday,13JUL26
,Grenade Protein Bar (Oreo),1.0,232,21.0,0.9,20.0,10.0,2026-07-13,Monday,13JUL26
,Energise Sport,1.0,140,0.0,0.0,33.0,0.0,2026-07-13,Monday,13JUL26
,chinese ,0.75,1074.75,45.75,3.0,71.25,81.0,2026-07-13,Monday,13JUL26
08:30:00,Oats,40.0,168.79999999999998,3.4799999999999995,4.640000000000001,17.88,1.6,2026-07-14,Tuesday,13JUL26
,Greek Yoghurt 0%,150.0,76.5,27.15,0.0,4.8,0.0,2026-07-14,Tuesday,13JUL26
,Whole Milk,125.0,76.25,3.875,0.0,6.0,4.0,2026-07-14,Tuesday,13JUL26
,Chia Seeds,20.0,85.39999999999999,3.8600000000000003,6.54,1.7399999999999998,5.6000000000000005,2026-07-14,Tuesday,13JUL26
,Protein Powder,45.0,205.2,39.6,0.0,3.96,3.42,2026-07-14,Tuesday,13JUL26
12:00:00,Chicken Penne,1.0,650,45.0,5.0,50.0,15.0,2026-07-14,Tuesday,13JUL26
,Veg Soup (SAP),1.0,200,6.0,5.0,33.0,6.0,2026-07-14,Tuesday,13JUL26
14:45:00,Banana,1.0,105,1.3,3.0,27.0,0.3,2026-07-14,Tuesday,13JUL26
18:00:00,Fried Egg (no oil),4.0,360,25.2,0.0,1.2,28.0,2026-07-14,Tuesday,13JUL26
12:00:00,Chicken Penne,1.0,650,45.0,5.0,50.0,15.0,2026-07-15,Wednesday,13JUL26
,Rowntree Mango Ice Pop,1.7,95.2,0.0,0.0,23.8,0.0,2026-07-15,Wednesday,13JUL26
,Deli Wrap (Whole Chicken),1.0,625,60.0,3.0,50.0,19.0,2026-07-18,Saturday,13JUL26
,Avonmore Protein Gold Milk,1.0,275,34.0,0.0,24.5,5.0,2026-07-18,Saturday,13JUL26
,ON Protein Drink,1.0,290,50.0,0.0,20.0,1.0,2026-07-18,Saturday,13JUL26
,"Omelette (4x egg, 32g emmental, 70g chicken breast, peppers)",0.8,524.8000000000001,45.6,2.2399999999999998,8.24,32.800000000000004,2026-07-19,Sunday,13JUL26
,Iced Matcha ,1.0,140,3.0,0.0,25.0,3.0,2026-07-19,Sunday,13JUL26
,ATU Cookie,0.75,307.5,3.75,1.5,41.25,13.5,2026-07-19,Sunday,13JUL26
,Carb Padding,1.0,100,0.0,0.0,25.0,0.0,2026-07-19,Sunday,13JUL26
,Grenade Protein Bar (Oreo),1.0,232,21.0,0.9,20.0,10.0,2026-07-20,Monday,20JUL26
,Sprout and Co. Sataysfied (Extra Chicken),1.0,780,53.0,5.0,62.0,34.0,2026-07-20,Monday,20JUL26
,Rowntree Mango Ice Pop,1.6,89.60000000000001,0.0,0.0,22.400000000000002,0.0,2026-07-20,Monday,20JUL26
,Milbona Quark Dessert,1.0,136,24.8,0.4,7.0,0.8,2026-07-20,Monday,20JUL26
08:30:00,Milbona Quark Dessert,1.0,136,24.8,0.4,7.0,0.8,2026-07-21,Tuesday,20JUL26
,Grenade Protein Bar (Oreo),0.5,116,10.5,0.45,10.0,5.0,2026-07-21,Tuesday,20JUL26
12:00:00,Tandoori Chicken Skewers with Rice and Raits,1.0,650,40.0,4.0,54.0,32.0,2026-07-21,Tuesday,20JUL26
,Veg Soup (SAP),1.0,200,6.0,5.0,33.0,6.0,2026-07-21,Tuesday,20JUL26
14:45:00,Banana,1.0,105,1.3,3.0,27.0,0.3,2026-07-21,Tuesday,20JUL26
,Energise Sport,1.5,210,0.0,0.0,49.5,0.0,2026-07-21,Tuesday,20JUL26
18:45:00,Fried Egg (no oil),2.0,180,12.6,0.0,0.6,14.0,2026-07-21,Tuesday,20JUL26
,Protein Powder,20.0,91.19999999999999,17.6,0.0,1.7599999999999998,1.52,2026-07-21,Tuesday,20JUL26
,Brioche Bun,4.0,772,23.6,7.2,120.0,20.4,2026-07-21,Tuesday,20JUL26
12:00:00,Tandoori Chicken Skewers with Rice and Raits,1.0,650,40.0,4.0,54.0,32.0,2026-07-22,Wednesday,20JUL26
,Veg Soup (SAP),1.0,200,6.0,5.0,33.0,6.0,2026-07-22,Wednesday,20JUL26
14:00:00,Milbona 62g Protein Dessert,1.0,335,62.0,0.0,16.0,2.5,2026-07-22,Wednesday,20JUL26
,Energise Sport,1.5,210,0.0,0.0,49.5,0.0,2026-07-22,Wednesday,20JUL26
18:00:00,Oats,40.0,168.79999999999998,3.4799999999999995,4.640000000000001,17.88,1.6,2026-07-22,Wednesday,20JUL26
,Greek Yoghurt 0%,150.0,76.5,27.15,0.0,4.8,0.0,2026-07-22,Wednesday,20JUL26
,Whole Milk,125.0,76.25,3.875,0.0,6.0,4.0,2026-07-22,Wednesday,20JUL26
,Chia Seeds,20.0,85.39999999999999,3.8600000000000003,6.54,1.7399999999999998,5.6000000000000005,2026-07-22,Wednesday,20JUL26
,Protein Powder,45.0,205.2,39.6,0.0,3.96,3.42,2026-07-22,Wednesday,20JUL26
,Tandoori Chicken Skewers with Rice and Raits,1.0,650,40.0,4.0,54.0,32.0,2026-07-23,Thursday,20JUL26
,Full Duck - half steak sambo half turkey sambo,1.0,1445,64.0,6.0,126.0,74.0,2026-07-23,Thursday,20JUL26
,Dunnes Sushi Chicken and Rice Bowl,1.0,560,32.0,10.0,90.0,8.0,2026-07-24,Friday,20JUL26
,Iced Matcha ,1.0,140,3.0,0.0,25.0,3.0,2026-07-24,Friday,20JUL26
,Energise Sport,1.25,175,0.0,0.0,41.25,0.0,2026-07-24,Friday,20JUL26
,Lidl Protein Drink,0.7,149.79999999999998,24.5,0.0,12.179999999999998,0.42,2026-07-24,Friday,20JUL26
,Oats,32.0,135.04,2.784,3.712,14.304,1.28,2026-07-24,Friday,20JUL26
,Greek Yoghurt 0%,120.0,61.2,21.72,0.0,3.84,0.0,2026-07-24,Friday,20JUL26
,Whole Milk,125.0,76.25,3.875,0.0,6.0,4.0,2026-07-24,Friday,20JUL26
,Chia Seeds,20.0,85.39999999999999,3.8600000000000003,6.54,1.7399999999999998,5.6000000000000005,2026-07-24,Friday,20JUL26
,Protein Powder,45.0,205.2,39.6,0.0,3.96,3.42,2026-07-24,Friday,20JUL26
,Tandoori Chicken Skewers with Rice and Raits,1.0,650,40.0,4.0,,32.0,2026-07-24,Friday,20JUL26
,Carb Padding,1.5,150,0.0,0.0,37.5,0.0,2026-07-24,Friday,20JUL26
,Lidl Milbona High-Protein Pudding 200g,2.0,320,40.0,0.0,20.0,7.0,2026-07-25,Saturday,20JUL26
,Lucozade (500ml),0.4,35.68,0.0,0.0,8.92,0.0,2026-07-25,Saturday,20JUL26
,Carb Padding,1.5,150,0.0,0.0,37.5,0.0,2026-07-25,Saturday,20JUL26
,Milbona Protein Coffee,1.0,123,19.3,0.0,10.5,0.3,2026-07-25,Saturday,20JUL26
,Almonds (100g),0.3,173.7,6.3,3.75,6.45,15.0,2026-07-25,Saturday,20JUL26
,"BioTech USA Vanilla Protein Powder (1 scoop, 30g)",1.0,113,26.0,0.0,1.1,0.5,2026-07-25,Saturday,20JUL26
,Whole Milk,200.0,122,6.2,0.0,9.6,6.4,2026-07-25,Saturday,20JUL26
,Mixed Chicken,62.5,100,14.25,0.0,0.0,3.5,2026-07-25,Saturday,20JUL26
,Lidl Garlic and Parsley Prawns (180g),1.0,216,18.0,0.0,1.6,14.2,2026-07-25,Saturday,20JUL26
,Fried Egg (no oil),4.0,360,25.2,0.0,1.2,28.0,2026-07-25,Saturday,20JUL26
12:30:00,Milbona Protein Coffee,1.0,123,19.3,0.0,10.5,0.3,2026-07-26,Sunday,20JUL26
,Almonds (100g),0.1,57.900000000000006,2.1,1.25,2.15,5.0,2026-07-26,Sunday,20JUL26
,Microwaveable Rice 250g packet,0.5,189,4.3,2.8,35.0,0.0,2026-07-26,Sunday,20JUL26
15:45:00,Fried Egg (no oil),5.0,450,31.5,0.0,1.5,35.0,2026-07-26,Sunday,20JUL26
,Microwaveable Rice 250g packet,0.5,189,4.3,2.8,35.0,0.0,2026-07-26,Sunday,20JUL26
,Lidl Protein Drink,1.0,214,35.0,0.0,17.4,0.6,2026-07-26,Sunday,20JUL26
20:30:00,Oats,35.0,147.7,3.045,4.0600000000000005,15.645,1.4000000000000001,2026-07-26,Sunday,20JUL26
,Greek Yoghurt 0%,100.0,51,18.099999999999998,0.0,3.2,0.0,2026-07-26,Sunday,20JUL26
,Whole Milk,100.0,61,3.1,0.0,4.8,3.2,2026-07-26,Sunday,20JUL26
,Chia Seeds,17.5,74.725,3.3775,5.7225,1.5225,4.9,2026-07-26,Sunday,20JUL26
,"BioTech USA Vanilla Protein Powder (1 scoop, 30g)",1.5,169.5,39.0,0.0,1.6500000000000001,0.75,2026-07-26,Sunday,20JUL26
12:20:00,Iced Matcha ,1.0,140,3.0,0.0,25.0,3.0,2026-07-27,Monday,27JUL26
15:30:00,Milano BBQ Chicken Pizza,1.0,942,52.0,5.0,138.0,20.0,2026-07-27,Monday,27JUL26
18:00:00,Oats,35.0,147.7,3.045,4.0600000000000005,15.645,1.4000000000000001,2026-07-27,Monday,27JUL26
,Greek Yoghurt 0%,100.0,51,18.099999999999998,0.0,3.2,0.0,2026-07-27,Monday,27JUL26
,Whole Milk,100.0,61,3.1,0.0,4.8,3.2,2026-07-27,Monday,27JUL26
,Chia Seeds,17.5,74.725,3.3775,5.7225,1.5225,4.9,2026-07-27,Monday,27JUL26
,"BioTech USA Vanilla Protein Powder (1 scoop, 30g)",1.5,169.5,39.0,0.0,1.6500000000000001,0.75,2026-07-27,Monday,27JUL26
20:00:00,Fried Egg (no oil),6.0,540,37.8,0.0,1.7999999999999998,42.0,2026-07-27,Monday,27JUL26
08:30:00,Oats,35.0,147.7,3.045,4.0600000000000005,15.645,1.4000000000000001,2026-07-28,Tuesday,27JUL26
,Greek Yoghurt 0%,100.0,51,18.099999999999998,0.0,3.2,0.0,2026-07-28,Tuesday,27JUL26
,Whole Milk,100.0,61,3.1,0.0,4.8,3.2,2026-07-28,Tuesday,27JUL26
,Chia Seeds,17.5,74.725,3.3775,5.7225,1.5225,4.9,2026-07-28,Tuesday,27JUL26
,"BioTech USA Vanilla Protein Powder (1 scoop, 30g)",1.5,169.5,39.0,0.0,1.6500000000000001,0.75,2026-07-28,Tuesday,27JUL26
,ON Protein Drink,0.25,72.5,12.5,0.0,5.0,0.25,2026-07-28,Tuesday,27JUL26
12:00:00,Beef Green Stir Fry,1.0,400,18.0,3.0,30.0,20.0,2026-07-28,Tuesday,27JUL26
13:00:00,Banana,1.0,105,1.3,3.0,27.0,0.3,2026-07-28,Tuesday,27JUL26
14:45:00,Banana,1.0,105,1.3,3.0,27.0,0.3,2026-07-28,Tuesday,27JUL26
17:30:00,Milbona Skyr yogurt,1.0,252,40.2,0.0,20.4,0.8999999999999999,2026-07-28,Tuesday,27JUL26
,Almonds (100g),0.12,69.48,2.52,1.5,2.58,6.0,2026-07-28,Tuesday,27JUL26
20:00:00,Fried Egg (no oil),2.0,180,12.6,0.0,0.6,14.0,2026-07-28,Tuesday,27JUL26
,Lidl Garlic and Parsley Prawns (180g),1.0,216,18.0,0.0,1.6,14.2,2026-07-28,Tuesday,27JUL26
,White Bread (Slice),1.0,90,3.0,1.0,15.0,1.0,2026-07-28,Tuesday,27JUL26
,Olive Oil (1 tbsp),1.0,119,0.0,0.0,0.0,13.5,2026-07-28,Tuesday,27JUL26
12:00:00,Boneless Wings and Potatoes,1.0,500,25.0,3.5,40.0,15.0,2026-07-29,Wednesday,27JUL26
,Veg Soup (SAP),1.0,200,6.0,5.0,33.0,6.0,2026-07-29,Wednesday,27JUL26
,Oats,35.0,147.7,3.045,4.0600000000000005,15.645,1.4000000000000001,2026-07-29,Wednesday,27JUL26
,Greek Yoghurt 0%,100.0,51,18.099999999999998,0.0,3.2,0.0,2026-07-29,Wednesday,27JUL26
,Whole Milk,100.0,61,3.1,0.0,4.8,3.2,2026-07-29,Wednesday,27JUL26
,Chia Seeds,17.5,74.725,3.3775,5.7225,1.5225,4.9,2026-07-29,Wednesday,27JUL26
,"BioTech USA Vanilla Protein Powder (1 scoop, 30g)",1.5,169.5,39.0,0.0,1.6500000000000001,0.75,2026-07-29,Wednesday,27JUL26
18:00:00,Fried Egg (no oil),4.0,360,25.2,0.0,1.2,28.0,2026-07-29,Wednesday,27JUL26
20:00:00,Protein Powder,45.0,205.2,39.6,0.0,3.96,3.42,2026-07-29,Wednesday,27JUL26
12:00:00,Iced Matcha ,1.0,140,3.0,0.0,25.0,3.0,2026-07-31,Friday,27JUL26
14:00:00,Salmon Darne (100g),1.2,242.39999999999998,21.84,0.0,2.76,15.96,2026-07-31,Friday,27JUL26
,Fried Egg (no oil),4.0,360,25.2,0.0,1.2,28.0,2026-07-31,Friday,27JUL26
,Olive Oil (1 tbsp),1.0,119,0.0,0.0,0.0,13.5,2026-07-31,Friday,27JUL26
,White Bread (Slice),2.0,180,6.0,2.0,30.0,2.0,2026-07-31,Friday,27JUL26
,IMC Large Popcorn,0.4,403.6,6.6000000000000005,2.0,48.800000000000004,20.0,2026-07-31,Friday,27JUL26
,IMC Slushie,1.0,200,0.0,0.0,50.0,0.0,2026-07-31,Friday,27JUL26
,Bag Minstrels,0.6,352.2,4.02,0.0,48.84,15.6,2026-07-31,Friday,27JUL26
,Bag Starbursts,0.8,448.8,0.0,0.0,92.0,8.08,2026-07-31,Friday,27JUL26
,Milbona Skyr yogurt,1.0,252,40.2,0.0,20.4,0.8999999999999999,2026-07-31,Friday,27JUL26
,Deli Wrap (Whole Chicken),0.5,312.5,30.0,1.5,25.0,9.5,2026-08-02,Sunday,27JUL26
,Salmon Darne (100g),1.0,202,18.2,0.0,2.3,13.3,2026-08-02,Sunday,27JUL26
,Skyr Superberry,1.0,132,15.299999999999999,0.0,14.700000000000001,0.6000000000000001,2026-08-02,Sunday,27JUL26
,Oats,35.0,147.7,3.045,4.0600000000000005,15.645,1.4000000000000001,2026-08-02,Sunday,27JUL26
,Greek Yoghurt 0%,100.0,51,18.099999999999998,0.0,3.2,0.0,2026-08-02,Sunday,27JUL26
,Whole Milk,100.0,61,3.1,0.0,4.8,3.2,2026-08-02,Sunday,27JUL26
,Chia Seeds,17.5,74.725,3.3775,5.7225,1.5225,4.9,2026-08-02,Sunday,27JUL26
,"BioTech USA Vanilla Protein Powder (1 scoop, 30g)",1.5,169.5,39.0,0.0,1.6500000000000001,0.75,2026-08-02,Sunday,27JUL26
,Fried Egg (no oil),3.0,270,18.9,0.0,0.8999999999999999,21.0,2026-08-03,Monday,03AUG26
,Mozzarella,30.0,90,7.5,0.0,0.0,6.0,2026-08-03,Monday,03AUG26
,Rasher,2.0,140,10.0,0.0,0.0,12.0,2026-08-03,Monday,03AUG26
,Sausage,2.0,300,12.0,0.0,1.32,26.0,2026-08-03,Monday,03AUG26
,White Bread (Slice),2.0,180,6.0,2.0,30.0,2.0,2026-08-03,Monday,03AUG26
,Butter (100g),0.2,148.8,0.12,0.0,0.12,16.0,2026-08-03,Monday,03AUG26
,Carb Padding,3.0,300,0.0,0.0,75.0,0.0,2026-08-03,Monday,03AUG26
,Supermacs Grilled Chicken Sandwich,1.0,400,37.7,3.3,34.0,12.0,2026-08-03,Monday,03AUG26
,Carb Padding,2.0,200,0.0,0.0,50.0,0.0,2026-08-03,Monday,03AUG26
08:30:00,White Bread (Slice),2.0,180,6.0,2.0,30.0,2.0,2026-08-04,Tuesday,03AUG26
,Honey (Tbsp),2.0,128,0.0,0.0,34.0,0.0,2026-08-04,Tuesday,03AUG26
12:00:00,Energise Sport,0.75,105,0.0,0.0,24.75,0.0,2026-08-04,Tuesday,03AUG26
12:45:00,Oats,17.5,73.85,1.5225,2.0300000000000002,7.8225,0.7000000000000001,2026-08-04,Tuesday,03AUG26
,Greek Yoghurt 0%,75.0,38.25,13.575,0.0,2.4,0.0,2026-08-04,Tuesday,03AUG26
,Whole Milk,62.5,38.125,1.9375,0.0,3.0,2.0,2026-08-04,Tuesday,03AUG26
,Chia Seeds,10.0,42.699999999999996,1.9300000000000002,3.27,0.8699999999999999,2.8000000000000003,2026-08-04,Tuesday,03AUG26
,"BioTech USA Vanilla Protein Powder (1 scoop, 30g)",0.75,84.75,19.5,0.0,0.8250000000000001,0.375,2026-08-04,Tuesday,03AUG26
16:00:00,Almonds (100g),0.1,57.900000000000006,2.1,1.25,2.15,5.0,2026-08-04,Tuesday,03AUG26
19:00:00,Protein Powder,30.0,136.79999999999998,26.4,0.0,2.6399999999999997,2.28,2026-08-04,Tuesday,03AUG26
20:00:00,Striploin Steak (100g),2.0,400,42.0,0.0,0.0,26.0,2026-08-04,Tuesday,03AUG26
,Fried Egg (no oil),5.0,450,31.5,0.0,1.5,35.0,2026-08-04,Tuesday,03AUG26
,Milbona Skyr yogurt,0.33,83.16000000000001,13.266000000000002,0.0,6.732,0.297,2026-08-04,Tuesday,03AUG26
07:00:00,White Bread (Slice),1.0,90,3.0,1.0,15.0,1.0,2026-08-05,Wednesday,03AUG26
,Honey (Tbsp),1.0,64,0.0,0.0,17.0,0.0,2026-08-05,Wednesday,03AUG26
,Banana,1.0,105,1.3,3.0,27.0,0.3,2026-08-05,Wednesday,03AUG26
09:15:00,Oats,35.0,147.7,3.045,4.0600000000000005,15.645,1.4000000000000001,2026-08-05,Wednesday,03AUG26
,Greek Yoghurt 0%,100.0,51,18.099999999999998,0.0,3.2,0.0,2026-08-05,Wednesday,03AUG26
,Whole Milk,100.0,61,3.1,0.0,4.8,3.2,2026-08-05,Wednesday,03AUG26
,Chia Seeds,17.5,74.725,3.3775,5.7225,1.5225,4.9,2026-08-05,Wednesday,03AUG26
09:15:00,"BioTech USA Vanilla Protein Powder (1 scoop, 30g)",1.5,169.5,39.0,0.0,1.6500000000000001,0.75,2026-08-05,Wednesday,03AUG26
12:00:00,Coq a Vin & Ratatouille Veg,1.0,500,35.0,6.0,30.0,15.0,2026-08-05,Wednesday,03AUG26
,Milbona Skyr yogurt,0.66,166.32000000000002,26.532000000000004,0.0,13.464,0.594,2026-08-05,Wednesday,03AUG26
,Fried Egg (no oil),5.0,450,31.5,0.0,1.5,35.0,2026-08-05,Wednesday,03AUG26
07:30:00,White Bread (Slice),2.0,180,6.0,2.0,30.0,2.0,2026-08-06,Thursday,03AUG26
,Honey (Tbsp),1.0,64,0.0,0.0,17.0,0.0,2026-08-06,Thursday,03AUG26
,Banana,1.0,105,1.3,3.0,27.0,0.3,2026-08-06,Thursday,03AUG26
11:00:00,Oats,35.0,147.7,3.045,4.0600000000000005,15.645,1.4000000000000001,2026-08-06,Thursday,03AUG26
,Greek Yoghurt 0%,100.0,51,18.099999999999998,0.0,3.2,0.0,2026-08-06,Thursday,03AUG26
,Whole Milk,100.0,61,3.1,0.0,4.8,3.2,2026-08-06,Thursday,03AUG26
,Chia Seeds,17.5,74.725,3.3775,5.7225,1.5225,4.9,2026-08-06,Thursday,03AUG26
,"BioTech USA Vanilla Protein Powder (1 scoop, 30g)",1.5,169.5,39.0,0.0,1.6500000000000001,0.75,2026-08-06,Thursday,03AUG26
15:00:00,Skinless Pollock (100g),2.0,142,32.0,0.0,0.0,1.6,2026-08-06,Thursday,03AUG26
,Almonds (100g),0.4,231.60000000000002,8.4,5.0,8.6,20.0,2026-08-06,Thursday,03AUG26
19:30:00,Fried Egg (no oil),5.0,450,31.5,0.0,1.5,35.0,2026-08-06,Thursday,03AUG26
,Mixed Chicken,65.0,104,14.82,0.0,0.0,3.64,2026-08-06,Thursday,03AUG26
